大沼ID,Ｎｏ,大分類,中分類,機械名,大沼コード,マシンライフジャンルID,マシンライフジャンル名,
2,101,0101ＮＣ旋盤関係,0101 ：ＮＣ旋盤関係,ＮＣ複合旋盤,0101-01,4,複合加工機,
3,101,0101ＮＣ旋盤関係,0101 ：ＮＣ旋盤関係,ＮＣ旋盤(背面複合),0101-11,1,NC旋盤,
4,101,0101ＮＣ旋盤関係,0101 ：ＮＣ旋盤関係,ＮＣ旋盤(背面加工),0101-12,1,NC旋盤,
5,101,0101ＮＣ旋盤関係,0101 ：ＮＣ旋盤関係,ＮＣ旋盤(ミル付),0101-21,1,NC旋盤,
6,101,0101ＮＣ旋盤関係,0101 ：ＮＣ旋盤関係,ＮＣ旋盤(バー仕様),0101-22,1,NC旋盤,
7,101,0101ＮＣ旋盤関係,0101 ：ＮＣ旋盤関係,ＮＣドラム型旋盤,0101-23,1,NC旋盤,
8,101,0101ＮＣ旋盤関係,0101 ：ＮＣ旋盤関係,ＮＣ旋盤(２ドラム),0101-31,1,NC旋盤,
9,101,0101ＮＣ旋盤関係,0101 ：ＮＣ旋盤関係,ＮＣ旋盤(２ヘッド),0101-41,1,NC旋盤,
10,101,0101ＮＣ旋盤関係,0101 ：ＮＣ旋盤関係,ＮＣフラット型旋盤,0101-51,1,NC旋盤,
11,101,0101ＮＣ旋盤関係,0101 ：ＮＣ旋盤関係,ＮＣ櫛刃型旋盤,0101-61,1,NC旋盤,
12,101,0101ＮＣ旋盤関係,0101 ：ＮＣ旋盤関係,NC自動盤(背面複合),0101-71,3,NC自動盤,
13,101,0101ＮＣ旋盤関係,0101 ：ＮＣ旋盤関係,NC自動盤(背面付),0101-72,3,NC自動盤,
14,101,0101ＮＣ旋盤関係,0101 ：ＮＣ旋盤関係,NC自動盤(ミル付),0101-73,3,NC自動盤,
15,101,0101ＮＣ旋盤関係,0101 ：ＮＣ旋盤関係,NC自動盤,0101-74,3,NC自動盤,
16,101,0101ＮＣ旋盤関係,0101 ：ＮＣ旋盤関係,ＮＣ多軸自動盤,0101-75,3,NC自動盤,
17,101,0101ＮＣ旋盤関係,0101 ：ＮＣ旋盤関係,ＮＣ立型複合旋盤,0101-81,2,NC立旋盤,
18,101,0101ＮＣ旋盤関係,0101 ：ＮＣ旋盤関係,ＮＣ立型旋盤,0101-82,2,NC立旋盤,
19,101,0101ＮＣ旋盤関係,0101 ：ＮＣ旋盤関係,,0101-99,5,その他NC旋盤,
20,102,0102マシニング,0102-：ﾏｼﾆﾝｸﾞ･NCﾅｶｸﾞﾘ･NCﾎﾞｰﾙ,門型五面加工ﾏｼﾆﾝｸﾞ,0102-11,8,門型マシニング(5面),
21,102,0102マシニング,0102-：ﾏｼﾆﾝｸﾞ･NCﾅｶｸﾞﾘ･NCﾎﾞｰﾙ,門型マシニング,0102-12,8,門型マシニング(5面),
22,102,0102マシニング,0102-：ﾏｼﾆﾝｸﾞ･NCﾅｶｸﾞﾘ･NCﾎﾞｰﾙ,門型ジグセンター,0102-13,8,門型マシニング(5面),
23,102,0102マシニング,0102-：ﾏｼﾆﾝｸﾞ･NCﾅｶｸﾞﾘ･NCﾎﾞｰﾙ,        その他門型,0102-19,8,門型マシニング(5面),
24,102,0102マシニング,0102-：ﾏｼﾆﾝｸﾞ･NCﾅｶｸﾞﾘ･NCﾎﾞｰﾙ,立型マシニング,0102-21,6,立マシニング,
25,102,0102マシニング,0102-：ﾏｼﾆﾝｸﾞ･NCﾅｶｸﾞﾘ･NCﾎﾞｰﾙ,立型タップセンター,0102-22,12,ドリリング(タッピング)センター,
26,102,0102マシニング,0102-：ﾏｼﾆﾝｸﾞ･NCﾅｶｸﾞﾘ･NCﾎﾞｰﾙ,立型ドリルセンター,0102-23,12,ドリリング(タッピング)センター,
27,102,0102マシニング,0102-：ﾏｼﾆﾝｸﾞ･NCﾅｶｸﾞﾘ･NCﾎﾞｰﾙ,        その他立型,0102-29,12,ドリリング(タッピング)センター,
28,102,0102マシニング,0102-：ﾏｼﾆﾝｸﾞ･NCﾅｶｸﾞﾘ･NCﾎﾞｰﾙ,横型五面加工ﾏｼﾆﾝｸﾞ,0102-31,7,横マシニング,
29,102,0102マシニング,0102-：ﾏｼﾆﾝｸﾞ･NCﾅｶｸﾞﾘ･NCﾎﾞｰﾙ,横中ぐりマシニング,0102-32,7,横マシニング,
30,102,0102マシニング,0102-：ﾏｼﾆﾝｸﾞ･NCﾅｶｸﾞﾘ･NCﾎﾞｰﾙ,横型マシニング,0102-33,7,横マシニング,
31,102,0102マシニング,0102-：ﾏｼﾆﾝｸﾞ･NCﾅｶｸﾞﾘ･NCﾎﾞｰﾙ,横型タップセンター,0102-34,12,ドリリング(タッピング)センター,
32,102,0102マシニング,0102-：ﾏｼﾆﾝｸﾞ･NCﾅｶｸﾞﾘ･NCﾎﾞｰﾙ,横型ドリルセンター,0102-35,12,ドリリング(タッピング)センター,
33,102,0102マシニング,0102-：ﾏｼﾆﾝｸﾞ･NCﾅｶｸﾞﾘ･NCﾎﾞｰﾙ,        その他横型,0102-39,12,ドリリング(タッピング)センター,
34,102,0102マシニング,0102-：ﾏｼﾆﾝｸﾞ･NCﾅｶｸﾞﾘ･NCﾎﾞｰﾙ,,0102-99,14,その他マシニング,
35,103,0103NC中ｸﾞﾘ･ﾎﾞｰﾙ盤,0102-：ﾏｼﾆﾝｸﾞ･NCﾅｶｸﾞﾘ･NCﾎﾞｰﾙ,ＮＣ立中ぐり盤,0103-11,38,NC立中ぐり盤,
36,103,0103NC中ｸﾞﾘ･ﾎﾞｰﾙ盤,0102-：ﾏｼﾆﾝｸﾞ･NCﾅｶｸﾞﾘ･NCﾎﾞｰﾙ,ＮＣ横中ぐり盤,0103-21,36,NC横中ぐり盤(フライス),
37,103,0103NC中ｸﾞﾘ･ﾎﾞｰﾙ盤,0102-：ﾏｼﾆﾝｸﾞ･NCﾅｶｸﾞﾘ･NCﾎﾞｰﾙ,ＮＣジグボーラー,0103-31,37,NCジグ中ぐり盤,
38,103,0103NC中ｸﾞﾘ･ﾎﾞｰﾙ盤,0102-：ﾏｼﾆﾝｸﾞ･NCﾅｶｸﾞﾘ･NCﾎﾞｰﾙ,,0103-99,,,1
39,104,0103NC中ｸﾞﾘ･ﾎﾞｰﾙ盤,0102-：ﾏｼﾆﾝｸﾞ･NCﾅｶｸﾞﾘ･NCﾎﾞｰﾙ,ＮＣ鋼板穴明け機,0104-11,161,ドリルマシン(オートボーラー),
40,104,0103NC中ｸﾞﾘ･ﾎﾞｰﾙ盤,0102-：ﾏｼﾆﾝｸﾞ･NCﾅｶｸﾞﾘ･NCﾎﾞｰﾙ,ＮＣ多軸Ｈ鋼加工機,0104-21,161,ドリルマシン(オートボーラー),
41,104,0103NC中ｸﾞﾘ･ﾎﾞｰﾙ盤,0102-：ﾏｼﾆﾝｸﾞ･NCﾅｶｸﾞﾘ･NCﾎﾞｰﾙ,ＮＣラジアルボール,0104-31,88,ラジアルボール盤,
42,104,0103NC中ｸﾞﾘ･ﾎﾞｰﾙ盤,0102-：ﾏｼﾆﾝｸﾞ･NCﾅｶｸﾞﾘ･NCﾎﾞｰﾙ,ＮＣボール盤,0104-41,33,NCボール盤,
43,104,0103NC中ｸﾞﾘ･ﾎﾞｰﾙ盤,0102-：ﾏｼﾆﾝｸﾞ･NCﾅｶｸﾞﾘ･NCﾎﾞｰﾙ,,0104-99,,,1
44,105,0105ｸﾞﾗﾌｧｲﾄ･倣い,0105 ：ｸﾞﾗﾌｧｲﾄ･倣い･ﾃﾞｼﾞﾀｲｻﾞｰ,立型ｸﾞﾗﾌｧｲﾄ加工機,0105-11,10,グラファイト加工機,
45,105,0105ｸﾞﾗﾌｧｲﾄ･倣い,0105 ：ｸﾞﾗﾌｧｲﾄ･倣い･ﾃﾞｼﾞﾀｲｻﾞｰ,横型ｸﾞﾗﾌｧｲﾄ加工機,0105-12,10,グラファイト加工機,
46,105,0105ｸﾞﾗﾌｧｲﾄ･倣い,0105 ：ｸﾞﾗﾌｧｲﾄ･倣い･ﾃﾞｼﾞﾀｲｻﾞｰ,,0105-19,10,グラファイト加工機,
47,105,0105ｸﾞﾗﾌｧｲﾄ･倣い,0105 ：ｸﾞﾗﾌｧｲﾄ･倣い･ﾃﾞｼﾞﾀｲｻﾞｰ,倣い付立マシニング,0105-21,6,立マシニング,
48,105,0105ｸﾞﾗﾌｧｲﾄ･倣い,0105 ：ｸﾞﾗﾌｧｲﾄ･倣い･ﾃﾞｼﾞﾀｲｻﾞｰ,倣い付横マシニング,0105-22,7,横マシニング,
49,105,0105ｸﾞﾗﾌｧｲﾄ･倣い,0105 ：ｸﾞﾗﾌｧｲﾄ･倣い･ﾃﾞｼﾞﾀｲｻﾞｰ,,0105-29,14,その他マシニング,1
50,105,0105ｸﾞﾗﾌｧｲﾄ･倣い,0105 ：ｸﾞﾗﾌｧｲﾄ･倣い･ﾃﾞｼﾞﾀｲｻﾞｰ,倣い付NC立フライス,0105-31,15,NC立フライス,
51,105,0105ｸﾞﾗﾌｧｲﾄ･倣い,0105 ：ｸﾞﾗﾌｧｲﾄ･倣い･ﾃﾞｼﾞﾀｲｻﾞｰ,倣い付NCﾗﾑ型ﾌﾗｲｽ,0105-33,15,NC立フライス,
52,105,0105ｸﾞﾗﾌｧｲﾄ･倣い,0105 ：ｸﾞﾗﾌｧｲﾄ･倣い･ﾃﾞｼﾞﾀｲｻﾞｰ,倣い付NCﾀｰﾚｯﾄﾌﾗｲｽ,0105-34,15,NC立フライス,
53,105,0105ｸﾞﾗﾌｧｲﾄ･倣い,0105 ：ｸﾞﾗﾌｧｲﾄ･倣い･ﾃﾞｼﾞﾀｲｻﾞｰ,倣い付NC横フライス,0105-36,16,NC横フライス,
54,105,0105ｸﾞﾗﾌｧｲﾄ･倣い,0105 ：ｸﾞﾗﾌｧｲﾄ･倣い･ﾃﾞｼﾞﾀｲｻﾞｰ,,0105-39,192,その他NCフライス,1
55,105,0105ｸﾞﾗﾌｧｲﾄ･倣い,0105 ：ｸﾞﾗﾌｧｲﾄ･倣い･ﾃﾞｼﾞﾀｲｻﾞｰ,NC倣い立型フライス,0105-41,15,NC立フライス,
56,105,0105ｸﾞﾗﾌｧｲﾄ･倣い,0105 ：ｸﾞﾗﾌｧｲﾄ･倣い･ﾃﾞｼﾞﾀｲｻﾞｰ,NC倣いラム型ﾌﾗｲｽ,0105-43,15,NC立フライス,
57,105,0105ｸﾞﾗﾌｧｲﾄ･倣い,0105 ：ｸﾞﾗﾌｧｲﾄ･倣い･ﾃﾞｼﾞﾀｲｻﾞｰ,NC倣いﾀｰﾚｯﾄﾌﾗｲｽ,0105-44,15,NC立フライス,
58,105,0105ｸﾞﾗﾌｧｲﾄ･倣い,0105 ：ｸﾞﾗﾌｧｲﾄ･倣い･ﾃﾞｼﾞﾀｲｻﾞｰ,NC倣い横フライス,0105-46,16,NC横フライス,
59,105,0105ｸﾞﾗﾌｧｲﾄ･倣い,0105 ：ｸﾞﾗﾌｧｲﾄ･倣い･ﾃﾞｼﾞﾀｲｻﾞｰ,,0105-49,192,その他NCフライス,1
60,105,0105ｸﾞﾗﾌｧｲﾄ･倣い,0105 ：ｸﾞﾗﾌｧｲﾄ･倣い･ﾃﾞｼﾞﾀｲｻﾞｰ,デジタイジング機,0105-51,202,レイアウトマシン,
61,105,0105ｸﾞﾗﾌｧｲﾄ･倣い,0105 ：ｸﾞﾗﾌｧｲﾄ･倣い･ﾃﾞｼﾞﾀｲｻﾞｰ,,0105-99,202,レイアウトマシン,1
62,106,0106NCﾌﾗｲｽ･NC彫刻,0106 ：ＮＣフライス・ＮＣ彫刻機,NC複合ﾌﾗｲｽ(ﾍﾞｯﾄﾞ),0106-11,17,NC複合フライス,
63,106,0106NCﾌﾗｲｽ･NC彫刻,0106 ：ＮＣフライス・ＮＣ彫刻機,NC万能ﾌﾗｲｽ(ﾍﾞｯﾄﾞ),0106-12,20,NC万能フライス,
64,106,0106NCﾌﾗｲｽ･NC彫刻,0106 ：ＮＣフライス・ＮＣ彫刻機,NC立中グリフライス,0106-13,15,NC立フライス,
65,106,0106NCﾌﾗｲｽ･NC彫刻,0106 ：ＮＣフライス・ＮＣ彫刻機,NC立フライス(ﾍﾞｯﾄ),0106-14,15,NC立フライス,
66,106,0106NCﾌﾗｲｽ･NC彫刻,0106 ：ＮＣフライス・ＮＣ彫刻機,NC立フライス(ヒザ),0106-24,15,NC立フライス,
67,106,0106NCﾌﾗｲｽ･NC彫刻,0106 ：ＮＣフライス・ＮＣ彫刻機,NC立フライス(多頭),0106-25,15,NC立フライス,
68,106,0106NCﾌﾗｲｽ･NC彫刻,0106 ：ＮＣフライス・ＮＣ彫刻機,ＮＣラム型フライス,0106-34,15,NC立フライス,
69,106,0106NCﾌﾗｲｽ･NC彫刻,0106 ：ＮＣフライス・ＮＣ彫刻機,NCﾀｰﾚｯﾄﾌﾗｲｽ(複合),0106-41,15,NC立フライス,
70,106,0106NCﾌﾗｲｽ･NC彫刻,0106 ：ＮＣフライス・ＮＣ彫刻機,NCﾀｰﾚｯﾄﾌﾗｲｽ,0106-44,15,NC立フライス,
71,106,0106NCﾌﾗｲｽ･NC彫刻,0106 ：ＮＣフライス・ＮＣ彫刻機,NC横フライス(ﾍﾞｯﾄ),0106-51,16,NC横フライス,
72,106,0106NCﾌﾗｲｽ･NC彫刻,0106 ：ＮＣフライス・ＮＣ彫刻機,NC横フライス(ヒザ),0106-52,16,NC横フライス,
73,106,0106NCﾌﾗｲｽ･NC彫刻,0106 ：ＮＣフライス・ＮＣ彫刻機,ＮＣ両頭フライス,0106-61,21,NC両頭フライス,
74,106,0106NCﾌﾗｲｽ･NC彫刻,0106 ：ＮＣフライス・ＮＣ彫刻機,,0106-71,192,その他NCフライス,
75,106,0106NCﾌﾗｲｽ･NC彫刻,0106 ：ＮＣフライス・ＮＣ彫刻機,ＮＣ彫刻機,0106-81,22,NC彫刻機,
76,106,0106NCﾌﾗｲｽ･NC彫刻,0106 ：ＮＣフライス・ＮＣ彫刻機,,0106-99,22,NC彫刻機,
77,113,0113ＮＣ研削盤,0113-：ＮＣ研削盤・ＮＣその他,NCｱﾝｷﾞｭﾗ円筒研削盤,0113-11,27,NC円筒研削盤,
78,113,0113ＮＣ研削盤,0113-：ＮＣ研削盤・ＮＣその他,ＮＣ円筒研削盤,0113-12,27,NC円筒研削盤,
79,113,0113ＮＣ研削盤,0113-：ＮＣ研削盤・ＮＣその他,ＮＣ内面研削盤,0113-21,26,NC内面研削盤,
80,113,0113ＮＣ研削盤,0113-：ＮＣ研削盤・ＮＣその他,ＮＣ平面研削盤,0113-31,23,NC平面研削盤,
81,113,0113ＮＣ研削盤,0113-：ＮＣ研削盤・ＮＣその他,ＮＣロータリーＧ,0113-41,25,NCロータリー研削盤,
82,113,0113ＮＣ研削盤,0113-：ＮＣ研削盤・ＮＣその他,ＮＣセンターレスＧ,0113-43,28,NCセンタレス,
83,113,0113ＮＣ研削盤,0113-：ＮＣ研削盤・ＮＣその他,ＮＣジググラインダ,0113-61,30,NCジグ研削盤,
84,113,0113ＮＣ研削盤,0113-：ＮＣ研削盤・ＮＣその他,ＮＣプロファイルＧ,0113-71,29,NCプロファイル研削盤,
85,113,0113ＮＣ研削盤,0113-：ＮＣ研削盤・ＮＣその他,,0113-99,32,その他NC研削盤,
86,119,0119ＮＣ工作機械他,0113-：ＮＣ研削盤・ＮＣその他,ＮＣ工作機械その他,0119-01,43,その他NC工作機械,
87,119,0119ＮＣ工作機械他,0113-：ＮＣ研削盤・ＮＣその他,,0119-99,43,その他NC工作機械,
88,120,0120ＮＣ特殊加工機,0120 ：ＮＣ特殊加工機関係,ＮＣ放電加工機,0120-11,220,NC放電加工機,
89,120,0120ＮＣ特殊加工機,0120 ：ＮＣ特殊加工機関係,ＮＣ細穴加工機,0120-12,41,細穴加工機,
90,120,0120ＮＣ特殊加工機,0120 ：ＮＣ特殊加工機関係,ワイヤーカット,0120-21,40,ワイヤーカット,
91,120,0120ＮＣ特殊加工機,0120 ：ＮＣ特殊加工機関係,ＮＣレーザー加工機,0120-31,139,レーザー加工機,
92,120,0120ＮＣ特殊加工機,0120 ：ＮＣ特殊加工機関係,ＮＣタレットパンチ,0120-41,141,タレットパンチ,
93,120,0120ＮＣ特殊加工機,0120 ：ＮＣ特殊加工機関係,,0120-99,43,その他NC工作機械,1
94,０２,０２旋盤関係,0201 ：普通旋盤,普通旋盤（尺）,0201-01,52,旋盤,
95,０２,０２旋盤関係,0202-：正面旋盤・立旋盤,正面旋盤,0202-01,54,正面旋盤,
96,０２,０２旋盤関係,0202-：正面旋盤・立旋盤,立旋盤,0203-01,53,立旋盤,
97,０２,０２旋盤関係,0204 ：ターレット旋盤,自動タレット旋盤,0204-01,61,その他旋盤,
98,０２,０２旋盤関係,0205 ：卓上旋盤・ペンチレース,卓上タレット旋盤,0205-01,51,卓上旋盤,
99,０２,０２旋盤関係,0205 ：卓上旋盤・ペンチレース,ﾌﾟﾛｺﾝペンチレース,0205-02,56,プロコン旋盤,
100,０２,０２旋盤関係,0205 ：卓上旋盤・ペンチレース,ペンチレース,0205-03,51,卓上旋盤,
101,０２,０２旋盤関係,0206 ：単能機,単能機,0206-01,218,単能盤,
102,０２,０２旋盤関係,0207 ：自動盤,自動盤,0207-01,55,自動盤,
103,０２,０２旋盤関係,0207 ：自動盤,多軸自動盤,0207-02,55,自動盤,
104,０２,０２旋盤関係,0208-：旋盤関係その他,センタリングマシン,0208-01,123,センタリング,
105,０２,０２旋盤関係,0208-：旋盤関係その他,両端加工機,0209-01,58,両端加工機,
106,０２,０２旋盤関係,0208-：旋盤関係その他,ポリフィズマシン,0211-01,60,ポリゴンカット,
107,０２,０２旋盤関係,0208-：旋盤関係その他,ネジ切り旋盤,0212-01,52,旋盤,
108,０２,０２旋盤関係,0208-：旋盤関係その他,パイプネジ切り機,0212-02,169,パイプネジ切り機,
109,０２,０２旋盤関係,0208-：旋盤関係その他,面取り旋盤,0212-03,59,面取旋盤,
110,０２,０２旋盤関係,0208-：旋盤関係その他,倣い旋盤,0212-05,61,その他旋盤,
111,０２,０２旋盤関係,0208-：旋盤関係その他,ロール旋盤,0212-06,57,ロール旋盤,
112,０２,０２旋盤関係,0208-：旋盤関係その他,中グリ旋盤,0212-07,61,その他旋盤,
113,０２,０２旋盤関係,0208-：旋盤関係その他,クランクピン旋盤,0212-08,61,その他旋盤,
114,０２,０２旋盤関係,0208-：旋盤関係その他,単能旋盤,0212-09,61,その他旋盤,
115,０２,０２旋盤関係,0208-：旋盤関係その他,,0212-10,61,その他旋盤,
116,０２,０２転造盤関係,0213 ：ねじ転造盤関係,ネジ転造盤,0213-01,125,(ネジ)転造盤,
117,０２,０２転造盤関係,0213 ：ねじ転造盤関係,      その他転造盤,0214-01,125,(ネジ)転造盤,
118,０３,０３ボール盤,0300-：Ｈ鋼加工機・ラジアル,Ｈ形鋼穴明機,0301-01,161,ドリルマシン(オートボーラー),
119,０３,０３ボール盤,0300-：Ｈ鋼加工機・ラジアル,ガーターラジアル,0301-11,88,ラジアルボール盤,
120,０３,０３ボール盤,0300-：Ｈ鋼加工機・ラジアル,ラジアルボール盤,0301-12,88,ラジアルボール盤,
121,０３,０３ボール盤,0300-：Ｈ鋼加工機・ラジアル,ラジアル(ﾃｰﾌﾞﾙ型),0301-13,88,ラジアルボール盤,
122,０３,０３ボール盤,0300-：Ｈ鋼加工機・ラジアル,ラジアル(卓上型),0301-14,88,ラジアルボール盤,
123,０３,０３ボール盤,0300-：Ｈ鋼加工機・ラジアル,ラジアル(ﾌﾘｰｱｰﾑ型),0301-15,90,フリーボール盤,
124,０３,０３ボール盤,0302 ：直立ボール盤,直立ボール盤,0302-11,87,直立ボール盤,
125,０３,０３ボール盤,0302 ：直立ボール盤,直立角ﾃｰﾌﾞﾙﾎﾞｰﾙ盤,0302-12,87,直立ボール盤,
126,０３,０３ボール盤,0302 ：直立ボール盤,枝型ボール盤,0302-13,93,枝型ボール盤,
127,０３,０３ボール盤,0304 ：中型・卓上ボール盤,中型ｴｱﾒｰｼｮﾝﾎﾞｰﾙ盤,0304-11,86,卓上ボール盤,
128,０３,０３ボール盤,0304 ：中型・卓上ボール盤,中型自動ボール盤,0304-12,86,卓上ボール盤,
129,０３,０３ボール盤,0304 ：中型・卓上ボール盤,卓上自動ボール盤,0304-13,86,卓上ボール盤,
130,０３,０３ボール盤,0304 ：中型・卓上ボール盤,中型ﾀｯﾌﾟ&ボール盤,0304-21,86,卓上ボール盤,
131,０３,０３ボール盤,0304 ：中型・卓上ボール盤,卓上ﾀｯﾌﾟ&ボール盤,0304-22,86,卓上ボール盤,
132,０３,０３ボール盤,0304 ：中型・卓上ボール盤,中型ボール盤,0304-31,86,卓上ボール盤,
133,０３,０３ボール盤,0304 ：中型・卓上ボール盤,卓上ボール盤,0304-32,86,卓上ボール盤,
134,０３,０３ボール盤,0305 ：多軸ボール盤,多軸ボール盤,0305-11,89,多軸ボール盤・多軸タッピング,
135,０３,０３ボール盤,0311-：ボール盤関係その他,ガンドリルマシン,0311-11,35,NCガンドリル,
136,０３,０３ボール盤,0311-：ボール盤関係その他,深穴ボール盤,0311-12,91,深穴加工機(ガンドリル),
137,０３,０３ボール盤,0311-：ボール盤関係その他,多連ボール盤,0312-11,89,多軸ボール盤・多軸タッピング,
138,０３,０３ボール盤,0311-：ボール盤関係その他,タレットボール盤,0313-11,92,タレットボール盤,
139,０３,０３ボール盤,0311-：ボール盤関係その他,アトラ,0314-11,165,マグボール盤(アトラ),
140,０３,０３ボール盤,0311-：ボール盤関係その他,ﾄﾞﾘﾙﾕﾆｯﾄ,0315-11,95,その他ボール盤,
141,０３,０３ボール盤,0311-：ボール盤関係その他,,0399-99,95,その他ボール盤,
142,０４,０４タッピング盤,0401 ：単軸タッピングマシン,自動タッピング盤,0401-11,94,タッピング盤,
143,０４,０４タッピング盤,0401 ：単軸タッピングマシン,タッピングマシン,0401-22,94,タッピング盤,
144,０４,０４タッピング盤,0401 ：単軸タッピングマシン,,0401-99,94,タッピング盤,1
145,０４,０４タッピング盤,0402 ：多軸タッピングマシン,多軸タップ＆ボール,0402-11,89,多軸ボール盤・多軸タッピング,
146,０４,０４タッピング盤,0402 ：多軸タッピングマシン,多軸タッピング盤,0402-22,89,多軸ボール盤・多軸タッピング,
147,０４,０４タッピング盤,0402 ：多軸タッピングマシン,,0402-99,89,多軸ボール盤・多軸タッピング,1
148,０５,０５中ぐり盤,0501 ：横中ぐり盤関係,フロアー型横中グリ,0501-01,96,横中ぐり盤(フライス),
149,０５,０５中ぐり盤,0501 ：横中ぐり盤関係,テーブル型横中グリ,0501-02,96,横中ぐり盤(フライス),
150,０５,０５中ぐり盤,0501 ：横中ぐり盤関係,精密横中グリ盤,0501-03,96,横中ぐり盤(フライス),
151,０５,０５中ぐり盤,0501 ：横中ぐり盤関係,横中グリフライス盤,0501-04,96,横中ぐり盤(フライス),
152,０５,０５中ぐり盤,0501 ：横中ぐり盤関係,両頭横中グリ盤,0502-01,64,両頭フライス,
153,０５,０５中ぐり盤,0503-：立中ぐり・ジグボーラー,立中グリ盤,0503-01,98,立中ぐり盤(フライス),
154,０５,０５中ぐり盤,0503-：立中ぐり・ジグボーラー,ジグボーラー,0503-02,97,ジグ中ぐり盤,
155,０５,０５中ぐり盤,0503-：立中ぐり・ジグボーラー,その他中グリ盤,0504-01,99,その他中ぐり盤,
156,０６,０６フライス盤,0601 ：立・万能・複合フライス盤,複合フライス(ﾍﾞｯﾄ),0601-11,68,複合フライス,
159,０６,０６フライス盤,0601 ：立・万能・複合フライス盤,万能フライス(ﾍﾞｯﾄ),0601-12,66,万能フライス,
162,０６,０６フライス盤,0601 ：立・万能・複合フライス盤,立フライス(中ぐり),0601-13,98,立中ぐり盤(フライス),
163,０６,０６フライス盤,0601 ：立・万能・複合フライス盤,立フライス(ﾍﾞｯﾄ型),0601-14,62,立フライス,
157,０６,０６フライス盤,0601 ：立・万能・複合フライス盤,複合フライス(ひざ),0601-21,68,複合フライス,
160,０６,０６フライス盤,0601 ：立・万能・複合フライス盤,万能フライス(ひざ),0601-22,66,万能フライス,
164,０６,０６フライス盤,0601 ：立・万能・複合フライス盤,立フライス(ひざ型),0601-24,62,立フライス,
158,０６,０６フライス盤,0601 ：立・万能・複合フライス盤,複合フライス(小型),0601-31,68,複合フライス,
161,０６,０６フライス盤,0601 ：立・万能・複合フライス盤,万能フライス(小型),0601-32,66,万能フライス,
165,０６,０６フライス盤,0601 ：立・万能・複合フライス盤,立フライス　(小型),0601-34,62,立フライス,
166,０６,０６フライス盤,0601 ：立・万能・複合フライス盤,ドリルミラー,0601-35,62,立フライス,
167,０６,０６フライス盤,0602 ：ラム・ターレットフライス,ラム型万能フライス,0602-12,62,立フライス,
168,０６,０６フライス盤,0602 ：ラム・ターレットフライス,ラム型フライス,0602-14,62,立フライス,
169,０６,０６フライス盤,0602 ：ラム・ターレットフライス,複合ﾀｰﾚｯﾄフライス,0602-21,62,立フライス,
170,０６,０６フライス盤,0602 ：ラム・ターレットフライス,ターレットフライス,0602-24,62,立フライス,
171,０６,０６フライス盤,0604 ：横型フライス盤,横フライス(ﾍﾞｯﾄ型),0604-14,63,横フライス,
172,０６,０６フライス盤,0604 ：横型フライス盤,横フライス(ひざ型),0604-24,63,横フライス,
173,０６,０６フライス盤,0604 ：横型フライス盤,横フライス　(小型),0604-34,63,横フライス,
174,０６,０６フライス盤,0605 ：生産・両頭フライス盤,立型生産フライス,0605-11,65,立生産フライス,
175,０６,０６フライス盤,0605 ：生産・両頭フライス盤,横型生産フライス,0605-21,219,横生産フライス,
176,０６,０６フライス盤,0605 ：生産・両頭フライス盤,両頭フライス,0606-11,64,両頭フライス,
177,０６,０６フライス盤,0607-：フライス盤関係その他,ロータリーフライス,0607-11,70,その他フライス,
178,０６,０６フライス盤,0607-：フライス盤関係その他,倣いフライス,0608-11,70,その他フライス,
179,０６,０６フライス盤,0607-：フライス盤関係その他,キー溝フライス,0609-11,67,キー溝フライス,
180,０６,０６フライス盤,0607-：フライス盤関係その他,,0699-99,70,その他フライス,
181,０７,０７彫刻機,0701 ：彫刻機,彫刻機,0701-01,69,彫刻機,
182,０８,０８形削り盤,0801 ：セーパー,セーパー,0801-01,102,シェーパー,
183,０８,０８形削り盤,0801 ：セーパー,,0802-01,102,シェーパー,1
184,０９,０９平削り盤,0901-：プレナー・プラノミラー,NC門型プラノミラー,0901-01,101,プラノミラー,
185,０９,０９平削り盤,0901-：プレナー・プラノミラー,門型プラノミラー,0901-11,101,プラノミラー,
186,０９,０９平削り盤,0901-：プレナー・プラノミラー,ｵｰﾌﾟﾝプラノミラー,0901-12,101,プラノミラー,
187,０９,０９平削り盤,0901-：プレナー・プラノミラー,NC門型複合プレナー,0902-01,100,プレーナー,
188,０９,０９平削り盤,0901-：プレナー・プラノミラー,門型複合プレナー,0902-11,100,プレーナー,
189,０９,０９平削り盤,0901-：プレナー・プラノミラー,ｵｰﾌﾟﾝ複合プレナー,0902-12,100,プレーナー,
190,０９,０９平削り盤,0901-：プレナー・プラノミラー,ＮＣ門型プレナー,0903-01,100,プレーナー,
191,０９,０９平削り盤,0901-：プレナー・プラノミラー,門型プレナー,0903-11,100,プレーナー,
192,０９,０９平削り盤,0901-：プレナー・プラノミラー,オープンプレナー,0903-12,100,プレーナー,
193,０９,０９平削り盤,0901-：プレナー・プラノミラー,Ｖカットマシン(NC),0904-01,131,Vカットマシン,
194,０９,０９平削り盤,0901-：プレナー・プラノミラー,Ｖカットマシン,0904-11,131,Vカットマシン,
195,０９,０９平削り盤,0901-：プレナー・プラノミラー,,0909-99,101,プラノミラー,1
196,１０,１０立削り盤,1001-：ｽﾛｯﾀｰ･ｷｰｼｰﾀｰ･ﾌﾞﾛｰﾁ,スロッター,1001-01,103,スロッタ,
197,１０,１０立削り盤,1001-：ｽﾛｯﾀｰ･ｷｰｼｰﾀｰ･ﾌﾞﾛｰﾁ,キーシーター,1002-01,104,キーシーター,
198,１０,１０立削り盤,1001-：ｽﾛｯﾀｰ･ｷｰｼｰﾀｰ･ﾌﾞﾛｰﾁ,,1003-01,391,その他削り盤,
199,１１,１１ブローチ盤,1001-：ｽﾛｯﾀｰ･ｷｰｼｰﾀｰ･ﾌﾞﾛｰﾁ,内面ブローチ盤,1101-01,106,ブローチ盤,
200,１１,１１ブローチ盤,1001-：ｽﾛｯﾀｰ･ｷｰｼｰﾀｰ･ﾌﾞﾛｰﾁ,外面ブローチ盤,1101-02,106,ブローチ盤,
201,１１,１１ブローチ盤,1001-：ｽﾛｯﾀｰ･ｷｰｼｰﾀｰ･ﾌﾞﾛｰﾁ,,1102-01,106,ブローチ盤,
202,１２,１２鋸盤・切断機,1201-：バンドソー・弓鋸盤,形鋼専用バンドソー,1201-11,152,バンドソー,
203,１２,１２鋸盤・切断機,1201-：バンドソー・弓鋸盤,全自動バンドソー,1201-21,152,バンドソー,
204,１２,１２鋸盤・切断機,1201-：バンドソー・弓鋸盤,バンドソー,1201-22,152,バンドソー,
205,１２,１２鋸盤・切断機,1201-：バンドソー・弓鋸盤,全自動弓鋸盤,1202-11,154,弓鋸盤,
206,１２,１２鋸盤・切断機,1201-：バンドソー・弓鋸盤,弓鋸盤,1202-12,154,弓鋸盤,
207,１２,１２鋸盤・切断機,1203-：コンターマシン・ヤスリ盤,自動コンターマシン,1203-11,153,コンターマシン,
208,１２,１２鋸盤・切断機,1203-：コンターマシン・ヤスリ盤,コンターマシン,1203-12,153,コンターマシン,
209,１２,１２鋸盤・切断機,1203-：コンターマシン・ヤスリ盤,ヤスリ盤,1204-11,153,コンターマシン,
210,１２,１２鋸盤・切断機,1205-：切断機関係その他,全自動丸鋸切断機,1205-11,155,丸鋸盤(メタルソー),
211,１２,１２鋸盤・切断機,1205-：切断機関係その他,丸鋸切断機,1205-12,155,丸鋸盤(メタルソー),
212,１２,１２鋸盤・切断機,1205-：切断機関係その他,ファインカット,1206-11,157,砥石切断機(高速・ファインカット),
213,１２,１２鋸盤・切断機,1205-：切断機関係その他,砥石切断機,1206-12,157,砥石切断機(高速・ファインカット),
214,１２,１２鋸盤・切断機,1205-：切断機関係その他,スライジングマシン,1207-11,126,スライシングマシン,
215,１２,１２鋸盤・切断機,1205-：切断機関係その他,パイプ切断機,1208-11,158,パイプ切断機,
216,１２,１２鋸盤・切断機,1205-：切断機関係その他,ファインリミッター,1209-11,157,砥石切断機(高速・ファインカット),
217,１２,１２鋸盤・切断機,1205-：切断機関係その他,,1299-,160,その他鉄骨切断機,1
218,１３,１３研削盤,1301 ：アンギュラ・円筒研削盤,円筒研削盤(ｱﾝｷﾞｭﾗ),1301-11,74,円筒研削盤,
219,１３,１３研削盤,1301 ：アンギュラ・円筒研削盤,円筒研削盤(万能型),1301-12,74,円筒研削盤,
220,１３,１３研削盤,1301 ：アンギュラ・円筒研削盤,円筒研削盤,1301-13,74,円筒研削盤,
221,１３,１３研削盤,1302 ：内面研削盤,内面研削盤,1302-11,73,内面研削盤,
222,１３,１３研削盤,1303 ：平面研削盤・成形研削盤,立軸平面研削盤,1303-12,71,平面研削盤,
223,１３,１３研削盤,1303 ：平面研削盤・成形研削盤,門型平面研削盤,1303-21,71,平面研削盤,
224,１３,１３研削盤,1303 ：平面研削盤・成形研削盤,平面研削盤,1303-22,71,平面研削盤,
225,１３,１３研削盤,1303 ：平面研削盤・成形研削盤,成形研削盤,1303-23,72,成形研削盤,
226,１３,１３研削盤,1304-：ﾛｰﾀﾘｰG･ｾﾝﾀｰﾚｽG･ｶﾞｰﾄﾞﾅｰ,立軸ロータリーＧ,1304-11,75,ロータリー研削盤,
227,１３,１３研削盤,1304-：ﾛｰﾀﾘｰG･ｾﾝﾀｰﾚｽG･ｶﾞｰﾄﾞﾅｰ,横軸ロータリーＧ,1304-21,75,ロータリー研削盤,
228,１３,１３研削盤,1304-：ﾛｰﾀﾘｰG･ｾﾝﾀｰﾚｽG･ｶﾞｰﾄﾞﾅｰ,センターレスＧ,1305-11,77,センタレス,
229,１３,１３研削盤,1304-：ﾛｰﾀﾘｰG･ｾﾝﾀｰﾚｽG･ｶﾞｰﾄﾞﾅｰ,センターレス研磨機,1305-12,77,センタレス,
230,１３,１３研削盤,1304-：ﾛｰﾀﾘｰG･ｾﾝﾀｰﾚｽG･ｶﾞｰﾄﾞﾅｰ,立軸両頭平面研削盤,1306-11,85,その他研削盤,
231,１３,１３研削盤,1304-：ﾛｰﾀﾘｰG･ｾﾝﾀｰﾚｽG･ｶﾞｰﾄﾞﾅｰ,横軸両頭平面研削盤,1306-21,85,その他研削盤,
232,１３,１３研削盤,1321-：ﾌﾟﾛﾌｧｲﾙ･治具研･etc.,プロファイルＧ,1321-11,81,プロファイル研削盤,
233,１３,１３研削盤,1321-：ﾌﾟﾛﾌｧｲﾙ･治具研･etc.,ジググラインダー,1322-11,76,ジグ研削盤,
234,１３,１３研削盤,1321-：ﾌﾟﾛﾌｧｲﾙ･治具研･etc.,ネジ研削盤,1323-11,85,その他研削盤,
235,１３,１３研削盤,1321-：ﾌﾟﾛﾌｧｲﾙ･治具研･etc.,スプライン研削盤,1324-11,85,その他研削盤,
236,１３,１３研削盤,1321-：ﾌﾟﾛﾌｧｲﾙ･治具研･etc.,ベルト研削盤,1325-11,85,その他研削盤,
237,１３,１３研削盤,1321-：ﾌﾟﾛﾌｧｲﾙ･治具研･etc.,ピン研削盤,1326-11,84,ピン研削盤,
238,１３,１３研削盤,1321-：ﾌﾟﾛﾌｧｲﾙ･治具研･etc.,センター穴研削盤,1327-11,85,その他研削盤,
239,１３,１３研削盤,1321-：ﾌﾟﾛﾌｧｲﾙ･治具研･etc.,,1329-99,113,その他研磨機,
240,１３,１３研削盤,1371 ：工具研削盤,万能工具研削盤,1371-11,78,工具研削盤,
241,１３,１３研削盤,1371 ：工具研削盤,工具研削盤,1371-21,78,工具研削盤,
242,１３,１３研削盤,1371 ：工具研削盤,カッター研削盤,1371-22,78,工具研削盤,
243,１３,１３研削盤,1371 ：工具研削盤,エンドミル研削盤,1371-23,78,工具研削盤,
244,１３,１３研削盤,1371 ：工具研削盤,ドリル研削盤,1371-24,79,ドリル研削盤,
245,１３,１３研削盤,1371 ：工具研削盤,バイト研削盤,1371-25,78,工具研削盤,
246,１３,１３研削盤,1371 ：工具研削盤,彫刻工具研削盤,1371-26,112,刃物研磨機,
247,１３,１３研削盤,1371 ：工具研削盤,,1371-99,80,鋸刃研削盤,
248,１３,１３研削盤,1381 ：卓上Ｇ・バフ・エンドレス,両頭グラインダー,1381-11,82,両頭グラインダー,
249,１３,１３研削盤,1381 ：卓上Ｇ・バフ・エンドレス,バフレース,1381-12,111,バフ研磨機,
250,１３,１３研削盤,1381 ：卓上Ｇ・バフ・エンドレス,エンドレスＧ,1381-13,110,ベルトサンダー,
251,１４,１４仕上げ盤関係,1401-：ホーニング盤・ラップ盤,立型ホーニング盤,1401-01,105,ホーニング,
252,１４,１４仕上げ盤関係,1401-：ホーニング盤・ラップ盤,横型ホーニング盤,1401-02,105,ホーニング,
253,１４,１４仕上げ盤関係,1401-：ホーニング盤・ラップ盤,液体ホーニング盤,1401-03,105,ホーニング,
254,１４,１４仕上げ盤関係,1401-：ホーニング盤・ラップ盤,ラップ盤,1402-01,107,ラップ盤(ポリッシュ盤),
255,１４,１４仕上げ盤関係,1411-：型磨機・超仕上盤・面取機,金型研磨ロボット,1411-11,109,金型研磨機,
256,１４,１４仕上げ盤関係,1411-：型磨機・超仕上盤・面取機,金型研磨機,1411-12,109,金型研磨機,
257,１４,１４仕上げ盤関係,1411-：型磨機・超仕上盤・面取機,超仕上げ盤,1412-11,107,ラップ盤(ポリッシュ盤),
258,１４,１４仕上げ盤関係,1411-：型磨機・超仕上盤・面取機,面取り機,1413-11,124,面取機,
259,１４,１４仕上げ盤関係,1411-：型磨機・超仕上盤・面取機,パンチ穴バリ取り機,1414-11,133,バリ取り機,
260,１４,１４仕上げ盤関係,1411-：型磨機・超仕上盤・面取機,バリ取り機,1414-21,133,バリ取り機,
261,１４,１４仕上げ盤関係,1411-：型磨機・超仕上盤・面取機,,1419-99,136,その他板切断機,1
262,１４,１４仕上げ盤関係,1421-：バレル研磨・ブラスト関係,振動バレル研磨機,1421-11,108,バレル研磨機,
263,１４,１４仕上げ盤関係,1421-：バレル研磨・ブラスト関係,遠心バレル研磨機,1421-12,108,バレル研磨機,
264,１４,１４仕上げ盤関係,1421-：バレル研磨・ブラスト関係,回転バレル研磨機,1421-13,108,バレル研磨機,
265,１４,１４仕上げ盤関係,1421-：バレル研磨・ブラスト関係,ショットブラスト,1422-11,170,ショットブラスト(板・形鋼),
266,１４,１４仕上げ盤関係,1421-：バレル研磨・ブラスト関係,ブラストマシン,1423-11,351,ショットブラスト,
267,１４,１４仕上げ盤関係,1421-：バレル研磨・ブラスト関係,,1429-99,113,その他研磨機,1
268,１５,１５歯切り盤,1501-：歯車加工機関係,ホブ盤,1501-01,114,ホブ盤,
269,１５,１５歯切り盤,1501-：歯車加工機関係,ギヤセーパー,1502-01,115,ギアーシェーバー,
270,１５,１５歯切り盤,1501-：歯車加工機関係,ラック歯切盤,1503-01,121,ラック加工機,
271,１５,１５歯切り盤,1501-：歯車加工機関係,ｽﾄﾚｰﾄﾍﾞﾍﾞﾙ歯切盤,1504-01,116,ベベルギアー(傘歯車)歯切盤,
272,１５,１５歯切り盤,1501-：歯車加工機関係,ｽﾊﾟｲﾗﾙﾍﾞﾍﾞﾙ歯切盤,1504-02,116,ベベルギアー(傘歯車)歯切盤,
273,１５,１５歯切り盤,1501-：歯車加工機関係,,1505-99,122,その他歯車加工機,
274,１６,１６歯車研削盤,1501-：歯車加工機関係,歯車研削盤,1601-01,117,歯車研削盤,
275,１６,１６歯車研削盤,1501-：歯車加工機関係,ｽﾄﾚｰﾄﾍﾞﾍﾞﾙ研削盤,1601-02,117,歯車研削盤,
276,１６,１６歯車研削盤,1501-：歯車加工機関係,ｽﾊﾟｲﾗﾙﾍﾞﾍﾞﾙ研削盤,1601-03,117,歯車研削盤,
277,１６,１６歯車研削盤,1501-：歯車加工機関係,,1601-99,122,その他歯車加工機,
278,１７,１７歯車仕上げ盤,1501-：歯車加工機関係,歯車シェービング盤,1701-01,118,歯車仕上盤(ギアーシェービング),
279,１７,１７歯車仕上げ盤,1501-：歯車加工機関係,歯車ホーニング盤,1702-01,122,その他歯車加工機,
280,１７,１７歯車仕上げ盤,1501-：歯車加工機関係,歯車ラップ盤,1703-01,122,その他歯車加工機,
281,１７,１７歯車仕上げ盤,1501-：歯車加工機関係,ベベルギヤラップ盤,1704-01,122,その他歯車加工機,
282,１７,１７歯車仕上げ盤,1501-：歯車加工機関係,歯車面取り盤,1705-01,119,歯車面取機,
283,１７,１７歯車仕上げ盤,1501-：歯車加工機関係,歯車バリ取り盤,1706-01,122,その他歯車加工機,
284,１７,１７歯車仕上げ盤,1501-：歯車加工機関係,,1707-99,122,その他歯車加工機,
285,１８,１８特殊加工機,1801 ：汎用放電・細穴加工機,放電加工機,1801-01,39,汎用放電加工機,
286,１８,１８特殊加工機,1801 ：汎用放電・細穴加工機,細穴加工機,1801-02,41,細穴加工機,
287,１８,１８特殊加工機,1801 ：汎用放電・細穴加工機,,1801-99,,,1
288,１９,１９工作機械(他),1901-：ｲﾝｼﾞｪｸｼｮﾝ・機械その他,開先加工機,1901-01,162,開先加工機,
289,１９,１９工作機械(他),1901-：ｲﾝｼﾞｪｸｼｮﾝ・機械その他,コラム開先加工機,1901-02,162,開先加工機,
290,１９,１９工作機械(他),1901-：ｲﾝｼﾞｪｸｼｮﾝ・機械その他,プレート開先加工機,1901-03,162,開先加工機,
291,１９,１９工作機械(他),1901-：ｲﾝｼﾞｪｸｼｮﾝ・機械その他,パイプ開先加工機,1901-11,162,開先加工機,
292,１９,１９工作機械(他),1901-：ｲﾝｼﾞｪｸｼｮﾝ・機械その他,ダイカストマシン,1902-01,275,ダイキャストマシン,
293,１９,１９工作機械(他),1901-：ｲﾝｼﾞｪｸｼｮﾝ・機械その他,専用機,1909-99,127,その他工作機械,
294,１９,１９工作機械(他),1901-：ｲﾝｼﾞｪｸｼｮﾝ・機械その他,　　その他工作機械,1919-99,127,その他工作機械,
295,１９,１９工作機械(他),1901-：ｲﾝｼﾞｪｸｼｮﾝ・機械その他,ライン・大型装置,1921-01,127,その他工作機械,
296,１９,１９工作機械(他),1901-：ｲﾝｼﾞｪｸｼｮﾝ・機械その他,射出成形機,1931-01,272,非鉄押出機,
297,１９,１９工作機械(他),1901-：ｲﾝｼﾞｪｸｼｮﾝ・機械その他,　その他ﾌﾟﾗｽﾁｯｸ機,1939-99,,,
298,１９,１９工作機械(他),1901-：ｲﾝｼﾞｪｸｼｮﾝ・機械その他,昇降盤,1941-01,,,
299,１９,１９工作機械(他),1901-：ｲﾝｼﾞｪｸｼｮﾝ・機械その他,カンナ盤,1942-01,,,
300,１９,１９工作機械(他),1901-：ｲﾝｼﾞｪｸｼｮﾝ・機械その他,　　その他木工機械,1949-99,,,
301,１９,１９工作機械(他),1901-：ｲﾝｼﾞｪｸｼｮﾝ・機械その他,段ボール加工機械,1951-01,,,
302,２１,２１ＮＣ周辺機器,2101 ：ＮＣ・自動化周辺機器,ガンドリー式ロボ,2101-01,361,工作機械用ロボット,
303,２１,２１ＮＣ周辺機器,2101 ：ＮＣ・自動化周辺機器,ストッカー付ロボ,2101-02,361,工作機械用ロボット,
304,２１,２１ＮＣ周辺機器,2101 ：ＮＣ・自動化周辺機器,産業ロボット,2101-03,361,工作機械用ロボット,
305,２１,２１ＮＣ周辺機器,2101 ：ＮＣ・自動化周辺機器,　　その他ロボ関係,2101-09,366,その他ロボット,
306,２１,２１ＮＣ周辺機器,2101 ：ＮＣ・自動化周辺機器,オートバー,2101-11,246,オートバーフィーダー,
307,２１,２１ＮＣ周辺機器,2101 ：ＮＣ・自動化周辺機器,ｼﾝｸﾞﾙﾊﾞｰﾌｨｰﾀﾞｰ,2101-12,246,オートバーフィーダー,
308,２１,２１ＮＣ周辺機器,2101 ：ＮＣ・自動化周辺機器,　その他給材機関係,2101-19,246,オートバーフィーダー,
309,２１,２１ＮＣ周辺機器,2101 ：ＮＣ・自動化周辺機器,パーツフィーダー,2101-21,247,パーツフィーダー,
310,２１,２１ＮＣ周辺機器,2101 ：ＮＣ・自動化周辺機器,チップコンベアー,2101-31,248,チップコンベア,
311,２１,２１ＮＣ周辺機器,2101 ：ＮＣ・自動化周辺機器,パレットチェンジャ,2101-41,361,工作機械用ロボット,
312,２１,２１ＮＣ周辺機器,2101 ：ＮＣ・自動化周辺機器,ＮＣラック,2101-51,382,棚・ストッカー,
313,２１,２１ＮＣ周辺機器,2101 ：ＮＣ・自動化周辺機器,　自動化機器その他,2101-99,261,その他工作機械周辺機器,
314,２１,２１ＮＣ周辺機器,2101 ：ＮＣ・自動化周辺機器,自動プログラム装置,2102-01,258,自動プロ,
315,２１,２１ＮＣ周辺機器,2101 ：ＮＣ・自動化周辺機器,ＮＣプロセッサー,2102-02,254,CAD/CAM,
316,２１,２１ＮＣ周辺機器,2101 ：ＮＣ・自動化周辺機器,テープパンチャー,2102-03,261,その他工作機械周辺機器,
317,２１,２１ＮＣ周辺機器,2101 ：ＮＣ・自動化周辺機器,ＮＣタイパー,2102-04,261,その他工作機械周辺機器,
318,２１,２１ＮＣ周辺機器,2101 ：ＮＣ・自動化周辺機器,　　ＮＣ装置その他,2102-99,261,その他工作機械周辺機器,
319,２１,２１ＮＣ周辺機器,2101 ：ＮＣ・自動化周辺機器,パソコン,2103-01,261,その他工作機械周辺機器,
320,２１,２１ＮＣ周辺機器,2101 ：ＮＣ・自動化周辺機器,ドラフター,2103-02,261,その他工作機械周辺機器,
321,２１,２１ＮＣ周辺機器,2101 ：ＮＣ・自動化周辺機器,　　ＯＡ機器その他,2103-99,379,印刷機・コピー機,
322,2201,2201割出機関係,2201 ：割出機関係,ＮＣインデックス,2201-01,244,インデックステーブル(割出台),
323,2201,2201割出機関係,2201 ：割出機関係,インデックス(電動),2201-11,244,インデックステーブル(割出台),
324,2201,2201割出機関係,2201 ：割出機関係,インデックス(油圧),2201-12,244,インデックステーブル(割出台),
325,2201,2201割出機関係,2201 ：割出機関係,インデックス(手動),2201-13,244,インデックステーブル(割出台),
326,2201,2201割出機関係,2201 ：割出機関係,インデックス(多軸),2201-14,244,インデックステーブル(割出台),
327,2201,2201割出機関係,2201 ：割出機関係,インデックス（他）,2201-15,244,インデックステーブル(割出台),
328,2201,2201割出機関係,2201 ：割出機関係,サーキュラ（電動）,2201-21,241,ロータリーテーブル,
329,2201,2201割出機関係,2201 ：割出機関係,サーキュラ（手動）,2201-23,241,ロータリーテーブル,
330,2201,2201割出機関係,2201 ：割出機関係,万能傾斜サーキュラ,2201-24,243,傾斜テーブル(チルチィングテーブル),
331,2201,2201割出機関係,2201 ：割出機関係,チルトサーキュラ,2201-25,243,傾斜テーブル(チルチィングテーブル),
332,2201,2201割出機関係,2201 ：割出機関係,角型インデックス,2201-31,244,インデックステーブル(割出台),
333,2201,2201割出機関係,2201 ：割出機関係,万能傾斜角テーブル,2201-32,243,傾斜テーブル(チルチィングテーブル),
334,2201,2201割出機関係,2201 ：割出機関係,クロステーブル,2201-33,242,クロステーブル,
335,2201,2201割出機関係,2201 ：割出機関係,アングルプレート,2201-41,245,その他テーブル,
336,2201,2201割出機関係,2201 ：割出機関係,,2201-99,245,その他テーブル,1
337,2202,2202旋盤保持工具,2202 ：旋盤保持工具関係,油圧ｲﾝﾃﾞｯｸｽﾁｬｯｸ,2202-11,238,旋盤チャック,
338,2202,2202旋盤保持工具,2202 ：旋盤保持工具関係,油圧チャック(４爪),2202-21,238,旋盤チャック,
339,2202,2202旋盤保持工具,2202 ：旋盤保持工具関係,油圧チャック(３爪),2202-22,238,旋盤チャック,
340,2202,2202旋盤保持工具,2202 ：旋盤保持工具関係,油圧チャック(２爪),2202-23,238,旋盤チャック,
341,2202,2202旋盤保持工具,2202 ：旋盤保持工具関係,油圧チャック(特殊),2202-29,238,旋盤チャック,
342,2202,2202旋盤保持工具,2202 ：旋盤保持工具関係,手締チャック(４爪),2202-31,238,旋盤チャック,
343,2202,2202旋盤保持工具,2202 ：旋盤保持工具関係,手締チャック(３爪),2202-32,238,旋盤チャック,
344,2202,2202旋盤保持工具,2202 ：旋盤保持工具関係,手締チャック(２爪),2202-33,238,旋盤チャック,
345,2202,2202旋盤保持工具,2202 ：旋盤保持工具関係,手締チャック(特殊),2202-39,238,旋盤チャック,
346,2202,2202旋盤保持工具,2202 ：旋盤保持工具関係,板フラート（面板）,2202-41,238,旋盤チャック,
347,2202,2202旋盤保持工具,2202 ：旋盤保持工具関係,エアチャック(４爪),2202-51,238,旋盤チャック,
348,2202,2202旋盤保持工具,2202 ：旋盤保持工具関係,エアチャック(３爪),2202-52,238,旋盤チャック,
349,2202,2202旋盤保持工具,2202 ：旋盤保持工具関係,エアチャック(２爪),2202-53,238,旋盤チャック,
350,2202,2202旋盤保持工具,2202 ：旋盤保持工具関係,エアチャック(特殊),2202-59,238,旋盤チャック,
351,2202,2202旋盤保持工具,2202 ：旋盤保持工具関係,コレットチャック,2202-61,238,旋盤チャック,
352,2202,2202旋盤保持工具,2202 ：旋盤保持工具関係,その他チャック,2202-69,238,旋盤チャック,
353,2202,2202旋盤保持工具,2202 ：旋盤保持工具関係,油圧用シリンダー,2202-71,238,旋盤チャック,
354,2202,2202旋盤保持工具,2202 ：旋盤保持工具関係,空圧用シリンダー,2202-72,238,旋盤チャック,
355,2202,2202旋盤保持工具,2202 ：旋盤保持工具関係,フランジ,2202-81,238,旋盤チャック,
356,2202,2202旋盤保持工具,2202 ：旋盤保持工具関係,振り止め(固定式),2202-91,238,旋盤チャック,
357,2202,2202旋盤保持工具,2202 ：旋盤保持工具関係,振り止め(移動式),2202-92,238,旋盤チャック,
358,2202,2202旋盤保持工具,2202 ：旋盤保持工具関係,ローリングセンター,2202-93,260,回転センター,
359,2202,2202旋盤保持工具,2202 ：旋盤保持工具関係,デッドセンター,2202-94,260,回転センター,
360,2202,2202旋盤保持工具,2202 ：旋盤保持工具関係,回転スポール,2202-96,260,回転センター,
361,2202,2202旋盤保持工具,2202 ：旋盤保持工具関係,,2202-99,240,その他チャック,1
362,2203,2203バイス関係,2203 ：バイス関係,多連油圧バイス,2203-11,298,バイス,
363,2203,2203バイス関係,2203 ：バイス関係,多連マシンバイス,2203-12,298,バイス,
364,2203,2203バイス関係,2203 ：バイス関係,傾斜油圧バイス,2203-21,298,バイス,
365,2203,2203バイス関係,2203 ：バイス関係,傾斜マシンバイス,2203-22,298,バイス,
366,2203,2203バイス関係,2203 ：バイス関係,油圧バイス,2203-31,298,バイス,
367,2203,2203バイス関係,2203 ：バイス関係,パワーバイス,2203-32,298,バイス,
368,2203,2203バイス関係,2203 ：バイス関係,マシンバイス,2203-41,298,バイス,
369,2203,2203バイス関係,2203 ：バイス関係,精密バイス,2203-42,298,バイス,
370,2203,2203バイス関係,2203 ：バイス関係,フリーバイス,2203-43,298,バイス,
371,2203,2203バイス関係,2203 ：バイス関係,ソリッドバイス,2203-44,298,バイス,
372,2203,2203バイス関係,2203 ：バイス関係,ベタバイス,2203-51,298,バイス,
373,2203,2203バイス関係,2203 ：バイス関係,セーパーバイス,2203-61,298,バイス,
374,2203,2203バイス関係,2203 ：バイス関係,丸形エアーバイス,2203-71,298,バイス,
375,2203,2203バイス関係,2203 ：バイス関係,箱万力,2203-81,298,バイス,
376,2203,2203バイス関係,2203 ：バイス関係,シャコ万力,2203-88,298,バイス,
377,2203,2203バイス関係,2203 ：バイス関係,バイスその他,2203-89,298,バイス,
378,2203,2203バイス関係,2203 ：バイス関係,アーバー,2203-91,232,その他汎用機ツーリング,
379,2203,2203バイス関係,2203 ：バイス関係,サポート,2203-92,232,汎用機用ツーリング,
380,2203,2203バイス関係,2203 ：バイス関係,他フライスパーツ,2203-99,232,汎用機用ツーリング,
381,2204,2204研磨機保持,2204 ：ﾏｸﾞﾈｯﾄﾁｬｯｸ・研削盤機器,永電磁ﾁｬｯｸ(切削用),2204-11,239,マグネットチャック,
382,2204,2204研磨機保持,2204 ：ﾏｸﾞﾈｯﾄﾁｬｯｸ・研削盤機器,電磁ﾁｬｯｸ  (切削用),2204-12,239,マグネットチャック,
383,2204,2204研磨機保持,2204 ：ﾏｸﾞﾈｯﾄﾁｬｯｸ・研削盤機器,永磁ﾁｬｯｸ  (切削用),2204-13,239,マグネットチャック,
384,2204,2204研磨機保持,2204 ：ﾏｸﾞﾈｯﾄﾁｬｯｸ・研削盤機器,永電磁ﾁｬｯｸ(研削用),2204-21,239,マグネットチャック,
385,2204,2204研磨機保持,2204 ：ﾏｸﾞﾈｯﾄﾁｬｯｸ・研削盤機器,電磁ﾁｬｯｸ  (研削用),2204-22,239,マグネットチャック,
386,2204,2204研磨機保持,2204 ：ﾏｸﾞﾈｯﾄﾁｬｯｸ・研削盤機器,永磁ﾁｬｯｸ  (研削用),2204-23,239,マグネットチャック,
387,2204,2204研磨機保持,2204 ：ﾏｸﾞﾈｯﾄﾁｬｯｸ・研削盤機器,可傾式永電磁ﾁｬｯｸ,2204-31,239,マグネットチャック,
388,2204,2204研磨機保持,2204 ：ﾏｸﾞﾈｯﾄﾁｬｯｸ・研削盤機器,可傾式電磁チャック,2204-32,239,マグネットチャック,
389,2204,2204研磨機保持,2204 ：ﾏｸﾞﾈｯﾄﾁｬｯｸ・研削盤機器,可傾式永磁チャック,2204-33,239,マグネットチャック,
390,2204,2204研磨機保持,2204 ：ﾏｸﾞﾈｯﾄﾁｬｯｸ・研削盤機器,丸形永電磁チャック,2204-41,239,マグネットチャック,
391,2204,2204研磨機保持,2204 ：ﾏｸﾞﾈｯﾄﾁｬｯｸ・研削盤機器,丸形電磁チャック,2204-42,239,マグネットチャック,
392,2204,2204研磨機保持,2204 ：ﾏｸﾞﾈｯﾄﾁｬｯｸ・研削盤機器,丸形永磁チャック,2204-43,239,マグネットチャック,
393,2204,2204研磨機保持,2204 ：ﾏｸﾞﾈｯﾄﾁｬｯｸ・研削盤機器,放電用永電磁ﾁｬｯｸ,2204-51,239,マグネットチャック,
394,2204,2204研磨機保持,2204 ：ﾏｸﾞﾈｯﾄﾁｬｯｸ・研削盤機器,放電用電磁チャック,2204-52,239,マグネットチャック,
395,2204,2204研磨機保持,2204 ：ﾏｸﾞﾈｯﾄﾁｬｯｸ・研削盤機器,放電用永磁チャック,2204-53,239,マグネットチャック,
396,2204,2204研磨機保持,2204 ：ﾏｸﾞﾈｯﾄﾁｬｯｸ・研削盤機器,特殊ﾏｸﾞﾈｯﾄﾁｬｯｸ,2204-61,239,マグネットチャック,
397,2204,2204研磨機保持,2204 ：ﾏｸﾞﾈｯﾄﾁｬｯｸ・研削盤機器,マグネットプレート,2204-64,239,マグネットチャック,
398,2204,2204研磨機保持,2204 ：ﾏｸﾞﾈｯﾄﾁｬｯｸ・研削盤機器,サインプレート,2204-65,239,マグネットチャック,
399,2204,2204研磨機保持,2204 ：ﾏｸﾞﾈｯﾄﾁｬｯｸ・研削盤機器,,2204-69,239,マグネットチャック,1
400,2204,2204研磨機保持,2204 ：ﾏｸﾞﾈｯﾄﾁｬｯｸ・研削盤機器,整流器,2204-71,239,マグネットチャック,
401,2204,2204研磨機保持,2204 ：ﾏｸﾞﾈｯﾄﾁｬｯｸ・研削盤機器,コントレーター,2204-72,239,マグネットチャック,
402,2204,2204研磨機保持,2204 ：ﾏｸﾞﾈｯﾄﾁｬｯｸ・研削盤機器,脱磁機,2204-73,251,脱磁器,
403,2204,2204研磨機保持,2204 ：ﾏｸﾞﾈｯﾄﾁｬｯｸ・研削盤機器,,2204-79,251,脱磁器,1
404,2204,2204研磨機保持,2204 ：ﾏｸﾞﾈｯﾄﾁｬｯｸ・研削盤機器,セパレーター,2204-81,261,その他工作機械周辺機器,
405,2204,2204研磨機保持,2204 ：ﾏｸﾞﾈｯﾄﾁｬｯｸ・研削盤機器,クーラントポンプ,2204-82,380,ポンプ,
406,2204,2204研磨機保持,2204 ：ﾏｸﾞﾈｯﾄﾁｬｯｸ・研削盤機器,研削盤用タンク,2204-83,232,汎用機用ツーリング,
407,2204,2204研磨機保持,2204 ：ﾏｸﾞﾈｯﾄﾁｬｯｸ・研削盤機器,,2204-89,232,汎用機用ツーリング,1
408,2204,2204研磨機保持,2204 ：ﾏｸﾞﾈｯﾄﾁｬｯｸ・研削盤機器,内研用スピンドル,2204-91,250,砥石関連装置,
409,2204,2204研磨機保持,2204 ：ﾏｸﾞﾈｯﾄﾁｬｯｸ・研削盤機器,ドレッサー装置,2204-92,250,砥石関連装置,
410,2204,2204研磨機保持,2204 ：ﾏｸﾞﾈｯﾄﾁｬｯｸ・研削盤機器,砥石バランサー,2204-93,250,砥石関連装置,
411,2204,2204研磨機保持,2204 ：ﾏｸﾞﾈｯﾄﾁｬｯｸ・研削盤機器,フランジ,2204-94,250,砥石関連装置,
412,2204,2204研磨機保持,2204 ：ﾏｸﾞﾈｯﾄﾁｬｯｸ・研削盤機器,ﾀﾞｲﾔﾓﾝﾄﾞﾎｲｰﾙ,2204-95,250,砥石関連装置,
413,2204,2204研磨機保持,2204 ：ﾏｸﾞﾈｯﾄﾁｬｯｸ・研削盤機器,砥石,2204-96,250,砥石関連装置,
414,2204,2204研磨機保持,2204 ：ﾏｸﾞﾈｯﾄﾁｬｯｸ・研削盤機器,,2204-99,250,砥石関連装置,1
415,2205,2205測定機,2205 ：投影機・試験機・測定機器,顕微鏡,2205-11,199,(電子)顕微鏡,
416,2205,2205測定機,2205 ：投影機・試験機・測定機器,投影機,2205-12,200,投影機,
417,2205,2205測定機,2205 ：投影機・試験機・測定機器,レイアウトマシン,2205-21,202,レイアウトマシン,
418,2205,2205測定機,2205 ：投影機・試験機・測定機器,三次元測定機,2205-22,201,三次元測定機,
419,2205,2205測定機,2205 ：投影機・試験機・測定機器,ツールプリセッター,2205-31,249,ツールプリセッター,
420,2205,2205測定機,2205 ：投影機・試験機・測定機器,測定機,2205-39,209,その他測定器,
421,2205,2205測定機,2205 ：投影機・試験機・測定機器,引張り試験機,2205-41,210,引張・圧縮測定器,
422,2205,2205測定機,2205 ：投影機・試験機・測定機器,試験機,2205-49,213,その他材料試験機,
423,2205,2205測定機,2205 ：投影機・試験機・測定機器,バランシングマシン,2205-51,207,バランシングマシン,
424,2205,2205測定機,2205 ：投影機・試験機・測定機器,検査機,2205-59,209,その他測定器,
425,2205,2205測定機,2205 ：投影機・試験機・測定機器,硬度計,2205-61,212,硬度試験機,
426,2205,2205測定機,2205 ：投影機・試験機・測定機器,デジタルスケール,2205-71,209,その他測定器,
427,2205,2205測定機,2205 ：投影機・試験機・測定機器,ハイトゲージ,2205-81,305,ハイトゲージ,
428,2205,2205測定機,2205 ：投影機・試験機・測定機器,測定工具,2205-91,314,その他測定工具,
429,2205,2205測定機,2205 ：投影機・試験機・測定機器,,2205-99,314,その他測定工具,
430,2206,2206溶接機,2206 ：溶接機・溶接治具関係,溶接ロボット,2206-11,363,溶接用ロボット,1
431,2206,2206溶接機,2206 ：溶接機・溶接治具関係,スポット溶接機,2206-21,175,スポット溶接機,
432,2206,2206溶接機,2206 ：溶接機・溶接治具関係,ＣＯ２半自動溶接機,2206-31,173,自動・半自動溶接機(炭酸ガス),
433,2206,2206溶接機,2206 ：溶接機・溶接治具関係,CO2+MAG溶接機,2206-32,173,自動・半自動溶接機(炭酸ガス),
434,2206,2206溶接機,2206 ：溶接機・溶接治具関係,ＭＩＧ溶接機,2206-33,173,自動・半自動溶接機(炭酸ガス),
435,2206,2206溶接機,2206 ：溶接機・溶接治具関係,ＴＩＧ溶接機,2206-34,174,TIG溶接機(アルゴン),
436,2206,2206溶接機,2206 ：溶接機・溶接治具関係,アーク溶接機,2206-35,172,アーク溶接機,
437,2206,2206溶接機,2206 ：溶接機・溶接治具関係,プラズマ溶接機,2206-36,179,その他溶接機,
438,2206,2206溶接機,2206 ：溶接機・溶接治具関係,スタッド溶接機,2206-37,176,スタッド溶接機,
439,2206,2206溶接機,2206 ：溶接機・溶接治具関係,プラスチック溶接機,2206-38,179,その他溶接機,
440,2206,2206溶接機,2206 ：溶接機・溶接治具関係,エンジンウェルダー,2206-39,177,エンジン溶接機,
441,2206,2206溶接機,2206 ：溶接機・溶接治具関係,　　　その他溶接機,2206-3X,179,その他溶接機,
442,2206,2206溶接機,2206 ：溶接機・溶接治具関係,プラズマ切断機,2206-41,138,板プラズマ溶断機,
443,2206,2206溶接機,2206 ：溶接機・溶接治具関係,ガス切断機,2206-42,137,ガス溶断機(アイトレーサー),
444,2206,2206溶接機,2206 ：溶接機・溶接治具関係,　　　その他切断機,2206-49,179,その他溶接機,
445,2206,2206溶接機,2206 ：溶接機・溶接治具関係,ポジショナー,2206-51,164,ポジショナー,
446,2206,2206溶接機,2206 ：溶接機・溶接治具関係,ターニングロール,2206-52,163,回転機(H鋼反転機・ターニングロール),
447,2206,2206溶接機,2206 ：溶接機・溶接治具関係,反転機,2206-53,163,回転機(H鋼反転機・ターニングロール),
448,2206,2206溶接機,2206 ：溶接機・溶接治具関係,,2206-99,179,その他溶接機,1
449,2207,2207定  盤,2207 ：定盤・マス・ブロック,精密定盤,2207-11,299,定盤,
450,2207,2207定  盤,2207 ：定盤・マス・ブロック,定　盤,2207-12,299,定盤,
451,2207,2207定  盤,2207 ：定盤・マス・ブロック,レイアウト用定盤,2207-21,299,定盤,
452,2207,2207定  盤,2207 ：定盤・マス・ブロック,Ｔ溝入り定盤,2207-22,299,定盤,
453,2207,2207定  盤,2207 ：定盤・マス・ブロック,製缶用定盤,2207-31,299,定盤,
454,2207,2207定  盤,2207 ：定盤・マス・ブロック,鉄定盤,2207-32,299,定盤,
455,2207,2207定  盤,2207 ：定盤・マス・ブロック,鉄板,2207-33,299,定盤,
456,2207,2207定  盤,2207 ：定盤・マス・ブロック,穴明き定盤,2207-41,299,定盤,
457,2207,2207定  盤,2207 ：定盤・マス・ブロック,網定盤,2207-42,299,定盤,
458,2207,2207定  盤,2207 ：定盤・マス・ブロック,石定盤,2207-51,299,定盤,
459,2207,2207定  盤,2207 ：定盤・マス・ブロック,セラミック定盤,2207-52,299,定盤,
460,2207,2207定  盤,2207 ：定盤・マス・ブロック,アンビル,2207-61,245,各種テーブル,
461,2207,2207定  盤,2207 ：定盤・マス・ブロック,サブテーブル,2207-71,245,各種テーブル,
462,2207,2207定  盤,2207 ：定盤・マス・ブロック,ｻﾌﾞﾊﾟﾚｯﾄﾃｰﾌﾞﾙ,2207-72,245,各種テーブル,
463,2207,2207定  盤,2207 ：定盤・マス・ブロック,ＭＣ用マスブロック,2207-81,300,イケール,
464,2207,2207定  盤,2207 ：定盤・マス・ブロック,ＭＣ用４面イケール,2207-82,300,イケール,
465,2207,2207定  盤,2207 ：定盤・マス・ブロック,ＭＣ用２面イケール,2207-83,300,イケール,
466,2207,2207定  盤,2207 ：定盤・マス・ブロック,イケール,2207-84,300,イケール,
467,2207,2207定  盤,2207 ：定盤・マス・ブロック,ラジアル桝,2207-85,300,イケール,
468,2207,2207定  盤,2207 ：定盤・マス・ブロック,マス型ブロック,2207-91,315,各種ブロック,
469,2207,2207定  盤,2207 ：定盤・マス・ブロック,ストレートエッジ,2207-92,209,その他測定器,
470,2207,2207定  盤,2207 ：定盤・マス・ブロック,,2207-99,209,その他測定器,1
471,2208,2208ｺﾝﾌﾟﾚｯｻｰ関係,2208 ：コンプレッサー・空圧機器,ｽｸﾘｭｰｺﾝﾌﾟﾚｯｻｰ,2208-11,191,エアーコンプレッサー,
472,2208,2208ｺﾝﾌﾟﾚｯｻｰ関係,2208 ：コンプレッサー・空圧機器,ｽｸﾛｰﾙｺﾝﾌﾟﾚｯｻｰ,2208-12,191,エアーコンプレッサー,
473,2208,2208ｺﾝﾌﾟﾚｯｻｰ関係,2208 ：コンプレッサー・空圧機器,ﾛｰﾀﾘｰｺﾝﾌﾟﾚｯｻｰ,2208-21,191,エアーコンプレッサー,
474,2208,2208ｺﾝﾌﾟﾚｯｻｰ関係,2208 ：コンプレッサー・空圧機器,ﾊﾟｯｹｰｼﾞｺﾝﾌﾟﾚｯｻｰ,2208-31,191,エアーコンプレッサー,
475,2208,2208ｺﾝﾌﾟﾚｯｻｰ関係,2208 ：コンプレッサー・空圧機器,ｺﾝﾌﾟﾚｯｻｰ(ﾚｼﾌﾟﾛ),2208-32,191,エアーコンプレッサー,
476,2208,2208ｺﾝﾌﾟﾚｯｻｰ関係,2208 ：コンプレッサー・空圧機器,エアータンク,2208-81,215,エアータンク,
477,2208,2208ｺﾝﾌﾟﾚｯｻｰ関係,2208 ：コンプレッサー・空圧機器,エアードライヤー,2208-82,216,エアードライヤー,
478,2208,2208ｺﾝﾌﾟﾚｯｻｰ関係,2208 ：コンプレッサー・空圧機器,,2208-99,217,その他コンプレッサー付属品,
479,2209,2209運搬機器,2209 ：省力化運搬機器・装置,ホイスト,2209-11,290,ホイスト,
480,2209,2209運搬機器,2209 ：省力化運搬機器・装置,電気チェンブロック,2209-12,291,チェーンブロック,
481,2209,2209運搬機器,2209 ：省力化運搬機器・装置,手動チェンブロック,2209-13,291,チェーンブロック,
482,2209,2209運搬機器,2209 ：省力化運搬機器・装置,ジブクレーン,2209-14,286,ジブクレーン,
483,2209,2209運搬機器,2209 ：省力化運搬機器・装置,バランスアーム,2209-15,288,その他クレーン,
484,2209,2209運搬機器,2209 ：省力化運搬機器・装置,ﾌｫｰｸﾘﾌﾄ(ｴﾝｼﾞﾝ),2209-21,289,フォークリフト,
485,2209,2209運搬機器,2209 ：省力化運搬機器・装置,ﾌｫｰｸﾘﾌﾄ(ﾊﾞｯﾃﾘｰ),2209-22,289,フォークリフト,
486,2209,2209運搬機器,2209 ：省力化運搬機器・装置,テーブルリフター,2209-31,293,リフター,
487,2209,2209運搬機器,2209 ：省力化運搬機器・装置,ハンドリフト,2209-32,297,その他輸送・荷役機械,
488,2209,2209運搬機器,2209 ：省力化運搬機器・装置,パレットジャッキ,2209-33,297,その他輸送・荷役機械,
489,2209,2209運搬機器,2209 ：省力化運搬機器・装置,リフター付台車,2209-34,297,その他輸送・荷役機械,
490,2209,2209運搬機器,2209 ：省力化運搬機器・装置,台車,2209-35,297,その他輸送・荷役機械,
491,2209,2209運搬機器,2209 ：省力化運搬機器・装置,ラックマスター,2209-41,297,その他輸送・荷役機械,
492,2209,2209運搬機器,2209 ：省力化運搬機器・装置,ウインチ,2209-51,292,ウインチ,
493,2209,2209運搬機器,2209 ：省力化運搬機器・装置,電磁リフト,2209-61,297,その他輸送・荷役機械,
494,2209,2209運搬機器,2209 ：省力化運搬機器・装置,永磁リフト,2209-62,297,その他輸送・荷役機械,
495,2209,2209運搬機器,2209 ：省力化運搬機器・装置,コンベアー,2209-71,296,コンベアー・フィーダー,
496,2209,2209運搬機器,2209 ：省力化運搬機器・装置,,2209-99,297,その他輸送・荷役機械,1
497,2210,2210油圧・電気機,2210 ：油圧・電気・伝動機関係,油圧ユニット,2210-01,376,油圧ユニット,
498,2210,2210油圧・電気機,2210 ：油圧・電気・伝動機関係,変速機,2210-02,343,減速機,
499,2210,2210油圧・電気機,2210 ：油圧・電気・伝動機関係,減速機,2210-03,343,減速機,
500,2210,2210油圧・電気機,2210 ：油圧・電気・伝動機関係,キューピクル,2210-04,328,キュービクル,
501,2210,2210油圧・電気機,2210 ：油圧・電気・伝動機関係,高周波発生機,2210-05,337,その他電気設備,
502,2210,2210油圧・電気機,2210 ：油圧・電気・伝動機関係,電気炉,2210-06,337,その他電気設備,
503,2210,2210油圧・電気機,2210 ：油圧・電気・伝動機関係,発電機,2210-07,326,その他発電機,
504,2210,2210油圧・電気機,2210 ：油圧・電気・伝動機関係,変圧器,2210-08,327,トランス,
505,2210,2210油圧・電気機,2210 ：油圧・電気・伝動機関係,モーター類,2210-10,322,その他モーター,
506,2210,2210油圧・電気機,2210 ：油圧・電気・伝動機関係,ポンプ類,2210-20,380,ポンプ,
507,2210,2210油圧・電気機,2210 ：油圧・電気・伝動機関係,,2210-99,337,その他電気設備,1
508,2211,2211ツール／工具,2211 ：ツーリング・工具関係,ミーリングユニット,2211-01,230,スピンドル,
509,2211,2211ツール／工具,2211 ：ツーリング・工具関係,フライスヘッド,2211-02,230,スピンドル,
510,2211,2211ツール／工具,2211 ：ツーリング・工具関係,高速スピンドル,2211-11,230,スピンドル,
511,2211,2211ツール／工具,2211 ：ツーリング・工具関係,ＢＴツール,2211-21,226,マシニング用ツーリング,
512,2211,2211ツール／工具,2211 ：ツーリング・工具関係,ミーリングチャック,2211-31,227,ミーリング用ツーリング,
513,2211,2211ツール／工具,2211 ：ツーリング・工具関係,アーバー,2211-32,232,その他汎用機ツーリング,
514,2211,2211ツール／工具,2211 ：ツーリング・工具関係,サイドロック,2211-33,232,その他汎用機ツーリング,
515,2211,2211ツール／工具,2211 ：ツーリング・工具関係,ボーリング,2211-34,229,ボーリング用ツーリング ,
516,2211,2211ツール／工具,2211 ：ツーリング・工具関係,フェイスミル,2211-35,236,フライスカッター(エンドミル・フルバック・フェイスミル),
517,2211,2211ツール／工具,2211 ：ツーリング・工具関係,タッパー,2211-36,228,ドリル(タッパー)用ツーリング,
518,2211,2211ツール／工具,2211 ：ツーリング・工具関係,フェイシングﾌﾟﾚｰﾄ,2211-37,232,その他汎用機ツーリング,
519,2211,2211ツール／工具,2211 ：ツーリング・工具関係,ＮＴツールその他,2211-39,232,その他汎用機ツーリング,
520,2211,2211ツール／工具,2211 ：ツーリング・工具関係,ドリルチャック,2211-41,228,ドリル(タッパー)用ツーリング,
521,2211,2211ツール／工具,2211 ：ツーリング・工具関係,多軸アタッチメント,2211-42,232,その他汎用機ツーリング,
522,2211,2211ツール／工具,2211 ：ツーリング・工具関係,ＮＣ旋盤用ツール,2211-50,233,旋盤ツール,
523,2211,2211ツール／工具,2211 ：ツーリング・工具関係,研磨アタッチメント,2211-51,250,砥石関連装置,
524,2211,2211ツール／工具,2211 ：ツーリング・工具関係,ネジ切り装置,2211-52,232,その他汎用機ツーリング,
525,2211,2211ツール／工具,2211 ：ツーリング・工具関係,  ツーリング（他）,2211-59,232,その他汎用機ツーリング,
526,2211,2211ツール／工具,2211 ：ツーリング・工具関係,電気ドリル,2211-61,257,工具類,
527,2211,2211ツール／工具,2211 ：ツーリング・工具関係,サンダー,2211-62,257,工具類,
528,2211,2211ツール／工具,2211 ：ツーリング・工具関係,グラインダー,2211-63,257,工具類,
529,2211,2211ツール／工具,2211 ：ツーリング・工具関係,電気ノコギリ,2211-64,257,工具類,
530,2211,2211ツール／工具,2211 ：ツーリング・工具関係,    電動工具（他）,2211-69,257,工具類,
531,2211,2211ツール／工具,2211 ：ツーリング・工具関係,インパクトレンチ,2211-71,257,工具類,
532,2211,2211ツール／工具,2211 ：ツーリング・工具関係,    作業工具（他）,2211-72,257,工具類,
533,2211,2211ツール／工具,2211 ：ツーリング・工具関係,ドリル,2211-81,234,ドリル,
534,2211,2211ツール／工具,2211 ：ツーリング・工具関係,リーマー,2211-82,237,切削工具,
535,2211,2211ツール／工具,2211 ：ツーリング・工具関係,エンドミル,2211-83,236,エンドミル,
536,2211,2211ツール／工具,2211 ：ツーリング・工具関係,    切削工具（他）,2211-89,237,切削工具,
537,2211,2211ツール／工具,2211 ：ツーリング・工具関係,ツールキャビネット,2211-91,256,ツールキャビネット・作業台,
538,2211,2211ツール／工具,2211 ：ツーリング・工具関係,,2211-99,232,その他汎用機ツーリング,1
539,2212,2212一般機械(他),2212 ：工業用機器・周辺機器,集塵機,2212-01,368,集塵機,
540,2212,2212一般機械(他),2212 ：工業用機器・周辺機器,ミスト,2212-02,253,オイルミスト装置,
541,2212,2212一般機械(他),2212 ：工業用機器・周辺機器,オイルコントローラ,2212-03,261,その他工作機械周辺機器,
542,2212,2212一般機械(他),2212 ：工業用機器・周辺機器,遠心分離機,2212-04,259,脱油機,
543,2212,2212一般機械(他),2212 ：工業用機器・周辺機器,脱油機,2212-05,259,脱油機,
544,2212,2212一般機械(他),2212 ：工業用機器・周辺機器,洗浄機,2212-06,385,洗浄機 ,
545,2212,2212一般機械(他),2212 ：工業用機器・周辺機器,乾燥機,2212-07,,,
546,2212,2212一般機械(他),2212 ：工業用機器・周辺機器,保温機,2212-08,,,
547,2212,2212一般機械(他),2212 ：工業用機器・周辺機器,粉砕機,2212-09,,,
548,2212,2212一般機械(他),2212 ：工業用機器・周辺機器,梱包機,2212-11,378,梱包・結束機,
549,2212,2212一般機械(他),2212 ：工業用機器・周辺機器,巻線機,2212-12,357,巻線機,
550,2212,2212一般機械(他),2212 ：工業用機器・周辺機器,刻印機関係,2212-13,374,刻印機,
551,2212,2212一般機械(他),2212 ：工業用機器・周辺機器,ヒーター,2212-30,367,冷暖房機・エアコン,
552,2212,2212一般機械(他),2212 ：工業用機器・周辺機器,ストーブ,2212-39,367,冷暖房機・エアコン,
553,2212,2212一般機械(他),2212 ：工業用機器・周辺機器,エアコン,2212-40,367,冷暖房機・エアコン,
554,2212,2212一般機械(他),2212 ：工業用機器・周辺機器,スポットクーラー,2212-50,367,冷暖房機・エアコン,
555,2212,2212一般機械(他),2212 ：工業用機器・周辺機器,送風・扇風機,2212-60,372,ブロワー,
556,2212,2212一般機械(他),2212 ：工業用機器・周辺機器,掃除機関係,2212-70,375,掃除機,
557,2212,2212一般機械(他),2212 ：工業用機器・周辺機器,温水器,2212-80,,,
558,2212,2212一般機械(他),2212 ：工業用機器・周辺機器,物置／プレハブ,2212-91,382,棚・ストッカー,
559,2212,2212一般機械(他),2212 ：工業用機器・周辺機器,重量棚／棚,2212-92,382,棚・ストッカー,
560,2212,2212一般機械(他),2212 ：工業用機器・周辺機器,作業台,2212-93,256,ツールキャビネット・作業台,
561,2212,2212一般機械(他),2212 ：工業用機器・周辺機器,その他周辺機器,2212-99,261,その他工作機械周辺機器,
562,２３,２３プレス(機械),2301 ：パワープレス関係,門型プレス(Wｸﾗﾝｸ),2301-11,45,電動門型プレス,
563,２３,２３プレス(機械),2301 ：パワープレス関係,門型プレス(ｸﾗﾝｸﾚｽ),2301-12,45,電動門型プレス,
564,２３,２３プレス(機械),2301 ：パワープレス関係,門型プレス(Sｸﾗﾝｸ),2301-13,45,電動門型プレス,
565,２３,２３プレス(機械),2301 ：パワープレス関係,門型プレス(Sｻｲﾄﾞ),2301-14,45,電動門型プレス,
566,２３,２３プレス(機械),2301 ：パワープレス関係,ポンチングプレス,2302-11,44,電動C型プレス,
567,２３,２３プレス(機械),2301 ：パワープレス関係,ワイドプレス,2303-11,44,電動C型プレス,
568,２３,２３プレス(機械),2301 ：パワープレス関係,ｸﾛｽｼｬﾌﾄプレス,2303-12,44,電動C型プレス,
569,２３,２３プレス(機械),2301 ：パワープレス関係,パワープレス(ｴｱｰC),2303-13,44,電動C型プレス,
570,２３,２３プレス(機械),2301 ：パワープレス関係,パワープレス(ﾛｰﾙC),2303-14,44,電動C型プレス,
571,２３,２３プレス(機械),2301 ：パワープレス関係,パワープレス(ﾋﾟﾝC),2303-15,44,電動C型プレス,
572,２３,２３プレス(機械),2301 ：パワープレス関係,,2309-99,44,電動C型プレス,1
573,２３,２３プレス(機械),2311-：機械プレスその他,高速プレス,2311-11,44,電動C型プレス,
574,２３,２３プレス(機械),2311-：機械プレスその他,ﾌｧｲﾝﾌﾞﾗﾝｷﾝｸﾞﾌﾟﾚｽ,2312-11,45,電動門型プレス,
575,２３,２３プレス(機械),2311-：機械プレスその他,トランスファプレス,2313-11,48,トランスファープレス,
576,２３,２３プレス(機械),2311-：機械プレスその他,ダイイングプレス,2314-11,44,電動C型プレス,
577,２３,２３プレス(機械),2311-：機械プレスその他,ドローイングプレス,2315-11,354,ドローベンチ,
578,２３,２３プレス(機械),2311-：機械プレスその他,,2319-99,50,その他プレス,1
579,２３,２３プレス(機械),2311-：機械プレスその他,フォーミングマシン,2321-11,276,ボルト・ナットフォーマー,
580,２３,２３プレス(機械),2311-：機械プレスその他,マルチスライドﾌﾟﾚｽ,2322-11,276,ボルト・ナットフォーマー,
581,２３,２３プレス(機械),2311-：機械プレスその他,フォアスライドﾏｼﾝ,2323-11,276,ボルト・ナットフォーマー,
582,２３,２３プレス(機械),2311-：機械プレスその他,ｺｲﾙｽﾌﾟﾘﾝｸﾞ製造機,2325-11,387,線材フォーミングマシン(バネ成形機）,
583,２３,２３プレス(機械),2311-：機械プレスその他,,2329-99,50,その他プレス,1
584,２３,２３プレス(機械),2311-：機械プレスその他,エキセンプレス,2331-11,278,ケトバシプレス(フートプレス),
585,２３,２３プレス(機械),2311-：機械プレスその他,ホーニングプレス,2332-11,271,ホーニングプレス,
586,２３,２３プレス(機械),2311-：機械プレスその他,フレキションプレス,2333-11,270,フリクションプレス,
587,２３,２３プレス(機械),2311-：機械プレスその他,,2399-99,50,その他プレス,1
588,２４,２４プレス(油圧),2401-：油圧プレス,門型油圧プレス,2401-11,46,油圧プレス,
589,２４,２４プレス(油圧),2401-：油圧プレス,門型製缶油圧プレス,2401-12,46,油圧プレス,
590,２４,２４プレス(油圧),2401-：油圧プレス,門型深絞油圧プレス,2401-13,46,油圧プレス,
591,２４,２４プレス(油圧),2401-：油圧プレス,門型鈑金油圧プレス,2401-14,46,油圧プレス,
592,２４,２４プレス(油圧),2401-：油圧プレス,四柱油圧プレス,2402-11,46,油圧プレス,
593,２４,２４プレス(油圧),2401-：油圧プレス,二柱油圧プレス,2402-21,46,油圧プレス,
594,２４,２４プレス(油圧),2401-：油圧プレス,Ｃ型油圧プレス,2403-11,46,油圧プレス,
595,２４,２４プレス(油圧),2401-：油圧プレス,卓上油圧プレス,2403-12,46,油圧プレス,
596,２４,２４プレス(油圧),2401-：油圧プレス,万能油圧プレス,2404-11,46,油圧プレス,
597,２４,２４プレス(油圧),2401-：油圧プレス,ＮＣセットプレス,2405-01,143,セットプレス,
598,２４,２４プレス(油圧),2401-：油圧プレス,セットプレス,2405-11,143,セットプレス,
599,２４,２４プレス(油圧),2401-：油圧プレス,ﾀﾞｲｽﾎﾟｯﾃｨﾝｸﾞﾌﾟﾚｽ,2406-11,46,油圧プレス,
600,２４,２４プレス(油圧),2401-：油圧プレス,粉末成形プレス,2407-11,46,油圧プレス,
601,２４,２４プレス(油圧),2401-：油圧プレス,油圧へら絞り機,2408-11,46,油圧プレス,
602,２４,２４プレス(油圧),2401-：油圧プレス,油圧曲がり矯正機,2409-11,46,油圧プレス,
603,２４,２４プレス(油圧),2401-：油圧プレス,油圧パンチャー,2410-11,167,油圧パンチャー,
604,２４,２４プレス(油圧),2401-：油圧プレス,,2499-11,46,油圧プレス,1
605,２５,２５ベンダー,2501-：ベンダー・ロール,ＮＣ油圧ベンダー,2501-01,146,油圧ベンダー,
606,２５,２５ベンダー,2501-：ベンダー・ロール,油圧ベンダー,2501-11,146,油圧ベンダー,
607,２５,２５ベンダー,2501-：ベンダー・ロール,万能油圧ベンダー,2502-11,147,万能油圧ベンダー,
608,２５,２５ベンダー,2501-：ベンダー・ロール,ＮＣメカベンダー,2503-01,145,メカベンダー,
609,２５,２５ベンダー,2501-：ベンダー・ロール,メカベンダー,2503-11,145,メカベンダー,
610,２５,２５ベンダー,2501-：ベンダー・ロール,鉄筋ベンダー,2504-11,181,丸棒ベンダー,
611,２５,２５ベンダー,2501-：ベンダー・ロール,アングルベンダー,2505-11,182,アングルベンダー,
612,２５,２５ベンダー,2501-：ベンダー・ロール,ＮＣパイプベンダー,2506-01,180,パイプベンダー,
613,２５,２５ベンダー,2501-：ベンダー・ロール,パイプベンダー,2506-11,180,パイプベンダー,
614,２５,２５ベンダー,2501-：ベンダー・ロール,,2509-99,150,その他ベンダー,
615,２５,２５ロール関係,2501-：ベンダー・ロール,ﾍﾞﾝﾃﾞｨﾝｸﾞﾛｰﾙ(３本),2511-11,148,三本ロールベンダー,
616,２５,２５ロール関係,2501-：ベンダー・ロール,ﾍﾞﾝﾃﾞｨﾝｸﾞﾛｰﾙ(４本),2511-12,148,三本ロールベンダー,
617,２５,２５ロール関係,2501-：ベンダー・ロール,フォーミングロール,2512-11,150,その他ベンダー,
618,２５,２５ロール関係,2501-：ベンダー・ロール,圧延ロール,2513-11,338,圧延機,
619,２５,２５ロール関係,2501-：ベンダー・ロール,伸線機,2514-11,353,伸線機,
620,２５,２５ロール関係,2501-：ベンダー・ロール,,2519-99,150,その他ベンダー,1
621,２６,２６シャーリング,2601-：シャー・ポンチ・カッター,油圧シャーリング,2601-11,129,油圧シャーリング,
622,２６,２６シャーリング,2601-：シャー・ポンチ・カッター,ｷﾞｬｯﾌﾟシャーリング,2602-11,128,メカシャーリング,
623,２６,２６シャーリング,2601-：シャー・ポンチ・カッター,オートシャーリング,2603-01,128,メカシャーリング,
624,２６,２６シャーリング,2601-：シャー・ポンチ・カッター,スケアシャーリング,2603-11,128,メカシャーリング,
625,２６,２６シャーリング,2601-：シャー・ポンチ・カッター,コーナーシャー,2611-11,134,コーナーシャー,
626,２６,２６シャーリング,2601-：シャー・ポンチ・カッター,アイアンワーカー,2612-11,166,アイアンワーカー(ビームワーカー・ユニットワーカー),
627,２６,２６シャーリング,2601-：シャー・ポンチ・カッター,ｱﾝｸﾞﾙｶｯﾀｰ&ﾎﾟﾝﾁﾝｸﾞ,2613-11,168,ポンチング(マルチワーカー),
628,２６,２６シャーリング,2601-：シャー・ポンチ・カッター,アングルカッター,2614-11,168,ポンチング(マルチワーカー),
629,２６,２６シャーリング,2601-：シャー・ポンチ・カッター,ポンチングマシン,2615-11,168,ポンチング(マルチワーカー),
630,２６,２６シャーリング,2601-：シャー・ポンチ・カッター,鋼材切断機,2621-11,159,丸棒(鉄筋)切断機,
631,２６,２６シャーリング,2601-：シャー・ポンチ・カッター,ビレットシャー,2622-11,159,丸棒(鉄筋)切断機,
632,２６,２６シャーリング,2601-：シャー・ポンチ・カッター,ギロチンシャー,2623-11,128,メカシャーリング,
633,２６,２６シャーリング,2601-：シャー・ポンチ・カッター,スクラップカッター,2624-11,132,スクラップカッター,
634,２６,２６シャーリング,2601-：シャー・ポンチ・カッター,スクラップシャー,2625-11,128,メカシャーリング,
635,２６,２６シャーリング,2601-：シャー・ポンチ・カッター,サークルシャー,2626-11,130,バイブロシャー,
636,２６,２６シャーリング,2601-：シャー・ポンチ・カッター,バイブロシャー,2627-11,130,バイブロシャー,
637,２６,２６シャーリング,2601-：シャー・ポンチ・カッター,ＮＣパンチプレス,2631-01,141,タレットパンチ,
638,２６,２６シャーリング,2601-：シャー・ポンチ・カッター,パンチングプレス,2631-11,392,その他板金プレス,
639,２６,２６シャーリング,2601-：シャー・ポンチ・カッター,ユニパンチプレス,2631-12,392,その他板金プレス,
640,２６,２６シャーリング,2601-：シャー・ポンチ・カッター,ニブリングマシン,2632-11,136,その他板切断機,
641,２６,２６シャーリング,2601-：シャー・ポンチ・カッター,スリッター,2641-11,279,スリッターライン,
642,２６,２６シャーリング,2601-：シャー・ポンチ・カッター,直線切断機,2642-11,358,直線切断機,
643,２６,２６シャーリング,2601-：シャー・ポンチ・カッター,,2699-99,136,その他板切断機,1
644,２７,２７鍛造機,2701-：鍛造プレス関係,精密鍛造プレス,2701-11,47,鍛造プレス,
645,２７,２７鍛造機,2701-：鍛造プレス関係,ﾅｯｸﾙｼﾞｮｲﾝﾄﾌﾟﾚｽ,2701-12,47,鍛造プレス,
646,２７,２７鍛造機,2701-：鍛造プレス関係,マイプレス,2701-13,47,鍛造プレス,
647,２７,２７鍛造機,2701-：鍛造プレス関係,ﾎｯﾄｽﾀﾝﾋﾟﾝｸﾞプレス,2701-21,47,鍛造プレス,
648,２７,２７鍛造機,2701-：鍛造プレス関係,油圧鍛造プレス,2702-11,47,鍛造プレス,
649,２７,２７鍛造機,2701-：鍛造プレス関係,ハンマー,2703-11,274,ハンマープレス,
650,２７,２７鍛造機,2701-：鍛造プレス関係,ヘッター,2704-11,274,ハンマープレス,
651,２７,２７鍛造機,2701-：鍛造プレス関係,スウェージングﾏｼﾝ,2705-11,355,スウェジングマシン,
652,２７,２７鍛造機,2701-：鍛造プレス関係,ホージングロール,2706-11,355,スウェジングマシン,
653,２７,２７鍛造機,2701-：鍛造プレス関係,ホーマー,2707-11,184,リングフォーマー,
654,２７,２７鍛造機,2701-：鍛造プレス関係,,2799-99,50,その他プレス,
655,２８,２８プレスその他,2811-：エアープレス･卓上･その他,エアープレス,2811-11,269,エアープレス,
656,２８,２８プレスその他,2811-：エアープレス･卓上･その他,ロータリープレス,2812-11,273,ロータリープレス,
657,２８,２８プレスその他,2811-：エアープレス･卓上･その他,卓上プレス,2813-11,44,電動C型プレス,
658,２８,２８プレスその他,2811-：エアープレス･卓上･その他,,2819-99,50,その他プレス,1
659,２８,２８プレスその他,2821-：手動プレス・ケトバシ関係,アーバープレス,2821-11,277,エキセンプレス(ハンドプレス),
660,２８,２８プレスその他,2821-：手動プレス・ケトバシ関係,ネコプレス,2821-21,277,エキセンプレス(ハンドプレス),
661,２８,２８プレスその他,2821-：手動プレス・ケトバシ関係,ケトバシ,2822-11,278,ケトバシプレス(フートプレス),
662,２８,２８プレスその他,2821-：手動プレス・ケトバシ関係,手動ベンダー,2823-11,277,エキセンプレス(ハンドプレス),
663,２８,２８プレスその他,2821-：手動プレス・ケトバシ関係,足踏みシャーリング,2824-11,278,ケトバシプレス(フートプレス),
664,２８,２８プレスその他,2821-：手動プレス・ケトバシ関係,,2829-99,50,その他プレス,1
665,２８,２８プレスその他,2831 ：リベッティングマシン,ﾘﾍﾞｯﾃｨﾝｸﾞﾏｼﾝ(立型),2831-11,221,リベッティングマシン(カシメ機),
666,２８,２８プレスその他,2831 ：リベッティングマシン,ﾘﾍﾞｯﾃｨﾝｸﾞﾏｼﾝ(横型),2831-21,221,リベッティングマシン(カシメ機),
667,２８,２８プレスその他,2831 ：リベッティングマシン,,2839-99,221,リベッティングマシン(カシメ機),
668,２９,２９プレス関連機,2901-：プレス関連機器T,プレス用ロボット,2901-11,362,プレス用ロボット,
669,２９,２９プレス関連機,2901-：プレス関連機器T,給材装置・搬送装置,2901-12,382,棚・ストッカー,
670,２９,２９プレス関連機,2901-：プレス関連機器T,ｱﾝｺｲﾗｰ(ﾚﾍﾞﾗｰ付),2911-11,265,レベラー・フィーダー,
671,２９,２９プレス関連機,2901-：プレス関連機器T,ｱﾝｺｲﾗｰ(ﾚﾍﾞﾗｰﾅｼ),2911-12,267,コイルクレードル,
672,２９,２９プレス関連機,2901-：プレス関連機器T,ｸﾚｰﾄﾞﾙ(ﾚﾍﾞﾗｰ付),2912-11,265,レベラー・フィーダー,
673,２９,２９プレス関連機,2901-：プレス関連機器T,ｸﾚｰﾄﾞﾙ(ﾚﾍﾞﾗｰﾅｼ),2912-12,267,コイルクレードル,
674,２９,２９プレス関連機,2913-：プレス関連機器U,ロールフィーダー,2913-11,265,レベラー・フィーダー,
675,２９,２９プレス関連機,2913-：プレス関連機器U,エアーフィーダー,2913-12,265,レベラー・フィーダー,
676,２９,２９プレス関連機,2913-：プレス関連機器U,レベラー,2914-11,339,レベラー,
677,２９,２９プレス関連機,2913-：プレス関連機器U,リールスタンド,2915-11,262,リールスタンド,
678,２９,２９プレス関連機,2913-：プレス関連機器U,ダイクッション,2921-11,49,その他プレス附帯設備,
679,２９,２９プレス関連機,2913-：プレス関連機器U,防振クッション,2922-11,255,防振台,
680,２９,２９プレス関連機,2913-：プレス関連機器U,プレス用安全装置,2923-11,49,その他プレス附帯設備,
681,２９,２９プレス関連機,2913-：プレス関連機器U,　　その他ﾌﾟﾚｽ機器,2999-99,49,その他プレス附帯設備,
